station,latitude,longitude,date,chlorophyll
SHR,NA,NA,1998-02-03,NA
SHR,NA,NA,1998-02-04,NA
SHR,NA,NA,1998-02-11,NA
SHR,NA,NA,1998-02-17,NA
SHR,NA,NA,1998-02-24,NA
SHR,NA,NA,1998-03-04,NA
SHR,NA,NA,1998-03-10,NA
SHR,NA,NA,1998-03-18,NA
SHR,NA,NA,1998-03-25,NA
SHR,NA,NA,1998-04-01,NA
SHR,NA,NA,1998-04-08,NA
SHR,NA,NA,1998-05-14,NA
SHR,NA,NA,1999-02-16,NA
SHR,NA,NA,1999-02-17,NA
SHR,NA,NA,1999-02-24,NA
SHR,NA,NA,1999-02-25,NA
SHR,NA,NA,1999-03-02,NA
SHR,NA,NA,1999-03-04,NA
SHR,NA,NA,1999-03-09,NA
SHR,NA,NA,1999-03-11,NA
SHR,NA,NA,1999-03-16,NA
SHR,NA,NA,1999-03-18,NA
SHR,NA,NA,1999-03-24,NA
SHR,NA,NA,1999-03-25,NA
SHR,NA,NA,1999-03-31,NA
SHR,NA,NA,1999-04-01,NA
SHR,NA,NA,1999-04-06,NA
SHR,NA,NA,1999-04-08,NA
SHR,NA,NA,1999-04-14,NA
SHR,NA,NA,1999-04-27,NA
SHR,NA,NA,1999-05-12,NA
SHR,NA,NA,1999-06-07,NA
SHR,NA,NA,2000-02-10,NA
SHR,NA,NA,2000-02-15,NA
SHR,NA,NA,2000-02-29,NA
SHR,NA,NA,2000-03-08,NA
SHR,NA,NA,2000-03-16,NA
SHR,NA,NA,2000-03-20,NA
SHR,NA,NA,2001-01-30,NA
SHR,NA,NA,2001-02-01,NA
SHR,NA,NA,2001-02-08,NA
SHR,NA,NA,2001-02-16,NA
SHR,NA,NA,2001-02-22,NA
SHR,NA,NA,2001-02-28,NA
SHR,NA,NA,2001-03-07,NA
SHR,NA,NA,2001-03-15,NA
SHR,NA,NA,2001-03-16,NA
SHR,NA,NA,2001-03-19,NA
SHR,NA,NA,2001-03-28,NA
SHR,NA,NA,2001-04-04,NA
SHR,NA,NA,2001-04-06,NA
SHR,NA,NA,2001-04-13,NA
SHR,NA,NA,2001-04-20,NA
SHR,NA,NA,2001-04-24,NA
SHR,NA,NA,2001-05-03,NA
SHR,NA,NA,2001-05-10,NA
SHR,NA,NA,2001-05-17,NA
SHR,NA,NA,2001-05-24,NA
SHR,NA,NA,2001-06-11,NA
SHR,NA,NA,2001-06-13,NA
SHR,NA,NA,2001-06-29,NA
SHR,NA,NA,2002-01-02,NA
SHR,NA,NA,2002-01-08,NA
SHR,NA,NA,2002-01-08,NA
SHR,NA,NA,2002-01-16,NA
SHR,NA,NA,2002-01-24,NA
SHR,NA,NA,2002-01-29,NA
SHR,NA,NA,2002-02-08,NA
SHR,NA,NA,2002-02-22,NA
SHR,NA,NA,2002-03-05,NA
SHR,NA,NA,2002-03-06,NA
SHR,NA,NA,2002-03-21,NA
SHR,NA,NA,2002-03-21,NA
SHR,NA,NA,2002-04-03,NA
SHR,NA,NA,2002-04-03,NA
SHR,NA,NA,2002-04-05,NA
SHR,NA,NA,2002-04-18,NA
SHR,NA,NA,2002-05-02,NA
SHR,NA,NA,2002-05-03,NA
SHR,NA,NA,2002-05-08,NA
SHR,NA,NA,2002-05-16,NA
SHR,NA,NA,2002-05-24,NA
SHR,NA,NA,2002-05-30,NA
SHR,NA,NA,2002-06-05,NA
SHR,NA,NA,2002-06-11,NA
SHR,NA,NA,2002-06-19,NA
SHR,NA,NA,2003-01-03,NA
SHR,NA,NA,2003-01-07,NA
SHR,NA,NA,2003-01-10,NA
SHR,NA,NA,2003-01-13,NA
SHR,NA,NA,2003-01-14,NA
SHR,NA,NA,2003-01-17,NA
SHR,NA,NA,2003-01-31,NA
SHR,NA,NA,2003-02-04,NA
SHR,NA,NA,2003-02-07,NA
SHR,NA,NA,2003-02-11,NA
SHR,NA,NA,2003-02-14,NA
SHR,NA,NA,2003-02-18,NA
SHR,NA,NA,2003-03-05,NA
SHR,NA,NA,2003-03-12,NA
SHR,NA,NA,2003-03-18,NA
SHR,NA,NA,2003-04-01,NA
SHR,NA,NA,2003-04-14,NA
SHR,NA,NA,2003-05-05,NA
SHR,NA,NA,2003-05-07,NA
SHR,NA,NA,2003-05-09,NA
SHR,NA,NA,2003-05-12,NA
SHR,NA,NA,2003-05-14,NA
SHR,NA,NA,2003-05-16,NA
SHR,NA,NA,2003-05-23,NA
SHR,NA,NA,2003-05-28,NA
SHR,NA,NA,2003-06-04,NA
SHR,NA,NA,2003-06-11,NA
SHR,NA,NA,2003-06-18,NA
SHR,NA,NA,2003-06-25,NA
SHR,NA,NA,2004-01-08,NA
SHR,NA,NA,2004-01-09,NA
SHR,NA,NA,2004-01-23,NA
SHR,NA,NA,2004-02-13,NA
SHR,NA,NA,2004-02-25,NA
SHR,NA,NA,2004-03-10,NA
SHR,NA,NA,2004-03-19,NA
SHR,NA,NA,2004-03-23,NA
SHR,NA,NA,2004-04-09,NA
SHR,NA,NA,2004-04-23,NA
SHR,NA,NA,2004-04-26,NA
SHR,NA,NA,2004-05-12,NA
SHR,NA,NA,2004-05-21,NA
SHR,NA,NA,2004-06-18,NA
SHR,NA,NA,2004-12-29,NA
SHR,NA,NA,2005-01-05,NA
SHR,NA,NA,2005-01-11,NA
SHR,NA,NA,2005-01-14,NA
SHR,NA,NA,2005-01-18,NA
SHR,NA,NA,2005-01-25,NA
SHR,NA,NA,2005-02-01,NA
SHR,NA,NA,2005-02-08,NA
SHR,NA,NA,2005-02-24,NA
SHR,NA,NA,2005-03-03,NA
SHR,NA,NA,2005-03-08,NA
SHR,NA,NA,2005-03-22,NA
SHR,NA,NA,2005-03-29,NA
SHR,NA,NA,2005-04-04,NA
SHR,NA,NA,2005-04-11,NA
SHR,NA,NA,2005-04-22,NA
SHR,NA,NA,2005-04-26,NA
SHR,NA,NA,2005-05-10,NA
SHR,NA,NA,2005-05-27,NA
SHR,NA,NA,2005-06-03,NA
SHR,NA,NA,2005-06-22,NA
SHR,NA,NA,2006-01-10,NA
SHR,NA,NA,2006-01-19,NA
SHR,NA,NA,2006-01-26,NA
SHR,NA,NA,2006-02-02,NA
SHR,NA,NA,2006-02-17,NA
SHR,NA,NA,2006-02-28,NA
SHR,NA,NA,2006-03-08,NA
SHR,NA,NA,2006-03-15,NA
SHR,NA,NA,2006-03-23,NA
SHR,NA,NA,2006-03-29,NA
SHR,NA,NA,2006-04-06,NA
SHR,NA,NA,2006-04-13,NA
SHR,NA,NA,2006-04-19,NA
SHR,NA,NA,2006-04-27,NA
SHR,NA,NA,2006-05-12,NA
SHR,NA,NA,2006-05-16,NA
SHR,NA,NA,2006-05-25,NA
SHR,NA,NA,2006-06-01,NA
SHR,NA,NA,2006-06-13,NA
SHR,NA,NA,2006-06-30,NA
SHR,NA,NA,2007-02-26,NA
SHR,NA,NA,2007-02-28,NA
SHR,NA,NA,2007-03-12,NA
SHR,NA,NA,2007-03-28,NA
SHR,NA,NA,2007-04-11,NA
SHR,NA,NA,2007-04-23,NA
SHR,NA,NA,2007-05-09,NA
SHR,NA,NA,2007-05-21,NA
SHR,NA,NA,2007-06-06,NA
SHR,NA,NA,2007-06-20,NA
SHR,NA,NA,2008-01-16,NA
SHR,NA,NA,2008-01-30,NA
SHR,NA,NA,2008-02-13,NA
SHR,NA,NA,2008-03-12,NA
SHR,NA,NA,2008-03-26,NA
SHR,NA,NA,2008-04-09,NA
SHR,NA,NA,2008-04-23,NA
SHR,NA,NA,2008-05-07,NA
SHR,NA,NA,2008-05-21,NA
SHR,NA,NA,2008-06-04,NA
SHR,NA,NA,2008-06-16,NA
SHR,NA,NA,2009-01-15,NA
SHR,NA,NA,2009-01-29,NA
SHR,NA,NA,2009-02-11,NA
SHR,NA,NA,2009-02-27,NA
SHR,NA,NA,2009-03-12,NA
SHR,NA,NA,2009-03-25,NA
SHR,NA,NA,2009-04-08,NA
SHR,NA,NA,2009-04-23,NA
SHR,NA,NA,2009-05-07,NA
SHR,NA,NA,2009-05-21,NA
SHR,NA,NA,2009-06-03,NA
SHR,NA,NA,2009-06-18,NA
SHR,NA,NA,2010-01-06,NA
SHR,38.53188,-121.528,2010-01-13,1.9
SHR,NA,NA,2010-01-21,NA
SHR,38.53188,-121.528,2010-01-26,1.35
SHR,NA,NA,2010-02-03,NA
SHR,38.53188,-121.528,2010-02-10,1.98
SHR,38.53188,-121.528,2010-02-17,2.74
SHR,NA,NA,2010-02-24,NA
SHR,38.53188,-121.528,2010-03-03,1.76
SHR,38.53188,-121.528,2010-03-17,1.87
SHR,38.53188,-121.528,2010-03-30,2.88
SHR,38.53188,-121.528,2010-04-12,2.95
SHR,38.53188,-121.528,2010-04-28,11.53
SHR,38.53188,-121.528,2010-05-13,1.8
SHR,38.53188,-121.528,2010-05-27,2.27
SHR,NA,NA,2010-06-08,NA
SHR,NA,NA,2011-01-12,NA
SHR,38.53188,-121.528,2011-01-26,2.17
SHR,38.53188,-121.528,2011-02-09,3.2
SHR,NA,NA,2011-02-23,NA
SHR,NA,NA,2011-03-09,NA
SHR,NA,NA,2011-03-29,NA
SHR,NA,NA,2011-04-06,NA
SHR,NA,NA,2011-04-13,NA
SHR,NA,NA,2011-04-22,NA
SHR,NA,NA,2011-05-04,NA
SHR,NA,NA,2011-05-19,NA
SHR,NA,NA,2011-06-01,NA
SHR,NA,NA,2011-06-15,NA
SHR,38.53188,-121.528,2011-06-29,1.99
SHR,NA,NA,2011-07-13,NA
SHR,38.53188,-121.528,2011-07-26,2.35
SHR,NA,NA,2011-08-10,NA
SHR,NA,NA,2011-08-24,NA
SHR,NA,NA,2011-09-07,NA
SHR,NA,NA,2011-09-20,NA
SHR,38.53188,-121.528,2011-10-06,1.31
SHR,38.53188,-121.528,2011-10-19,1.24
SHR,38.53188,-121.528,2011-11-02,1.5
SHR,38.53188,-121.528,2011-11-15,2.3
SHR,NA,NA,2011-11-30,NA
SHR,NA,NA,2011-12-14,NA
SHR,38.53188,-121.528,2011-12-29,4.29
SHR,38.53188,-121.528,2012-01-11,4.18
SHR,38.53188,-121.528,2012-01-24,5.98
SHR,NA,NA,2012-02-08,NA
SHR,NA,NA,2012-02-23,NA
SHR,38.53188,-121.528,2012-03-07,4.93
SHR,38.53188,-121.528,2012-03-22,2.3
SHR,NA,NA,2012-04-04,NA
SHR,38.53188,-121.528,2012-04-16,2.35
SHR,38.53188,-121.528,2012-05-02,2.96
SHR,38.53188,-121.528,2012-05-17,3.86
SHR,NA,NA,2012-05-31,NA
SHR,38.53188,-121.528,2012-06-13,3.07
SHR,NA,NA,2012-06-25,NA
SHR,38.53188,-121.528,2012-07-10,3
SHR,NA,NA,2012-07-25,NA
SHR,38.53188,-121.528,2012-08-07,2.24
SHR,38.53188,-121.528,2012-08-21,1.95
SHR,38.53188,-121.528,2012-09-05,2.84
SHR,NA,NA,2012-09-21,NA
SHR,38.53188,-121.528,2012-10-03,2.22
SHR,38.53188,-121.528,2012-10-19,1.53
SHR,38.53188,-121.528,2012-10-30,1.68
SHR,NA,NA,2012-11-13,NA
SHR,NA,NA,2012-11-29,NA
SHR,38.53188,-121.528,2012-12-12,1.48
SHR,38.53188,-121.528,2012-12-27,2.44
SHR,38.53188,-121.528,2013-01-03,1.19
SHR,38.53188,-121.528,2013-01-08,1.23
SHR,38.53188,-121.528,2013-01-18,1.32
SHR,38.53188,-121.528,2013-01-24,1.76
SHR,38.53188,-121.528,2013-01-30,1.7
SHR,38.53188,-121.528,2013-02-08,2.48
SHR,38.53188,-121.528,2013-02-13,2.8
SHR,38.53188,-121.528,2013-02-22,2.31
SHR,38.53188,-121.528,2013-02-27,2.29
SHR,38.53188,-121.528,2013-03-06,2.79
SHR,38.53188,-121.528,2013-03-13,2.6
SHR,38.53188,-121.528,2013-03-20,5.45
SHR,38.53188,-121.528,2013-04-03,21.68
SHR,38.53188,-121.528,2013-04-15,4.83
SHR,NA,NA,2013-04-29,NA
SHR,38.53188,-121.528,2013-05-15,4.26
SHR,NA,NA,2013-05-30,NA
SHR,38.53188,-121.528,2013-06-12,3.97
SHR,38.53188,-121.528,2013-06-26,2.81
SHR,38.53188,-121.528,2013-07-12,2.25
SHR,38.53188,-121.528,2013-07-25,2.73
SHR,38.53188,-121.528,2013-08-05,1.92
SHR,38.53188,-121.528,2013-08-23,2.64
SHR,38.53188,-121.528,2013-09-04,3.08
SHR,38.53188,-121.528,2013-09-16,3.25
SHR,NA,NA,2013-10-02,NA
SHR,38.53188,-121.528,2013-10-16,1.7
SHR,38.53188,-121.528,2013-10-31,2.88
SHR,38.53188,-121.528,2013-11-13,2.3
SHR,38.53188,-121.528,2013-12-03,1.74
SHR,38.53188,-121.528,2013-12-17,2
SHR,38.53188,-121.528,2014-01-03,1.87
SHR,38.53188,-121.528,2014-01-14,2.27
SHR,38.53188,-121.528,2014-01-28,5.72
SHR,38.53188,-121.528,2014-02-11,8.12
SHR,38.53188,-121.528,2014-02-24,5.53
SHR,38.53188,-121.528,2014-03-12,3.96
SHR,38.53188,-121.528,2014-03-25,16.45
SHR,NA,NA,2014-04-07,NA
SHR,38.53188,-121.528,2014-04-24,1.85
SHR,38.53188,-121.528,2014-05-07,9.29
SHR,38.53188,-121.528,2014-05-21,4.91
SHR,NA,NA,2014-06-10,NA
SHR,38.53188,-121.528,2014-06-24,1.91
SHR,NA,NA,2014-07-10,NA
SHR,38.53188,-121.528,2014-07-24,1.78
SHR,NA,NA,2014-08-07,NA
SHR,NA,NA,2014-08-22,NA
SHR,NA,NA,2014-08-26,NA
SHR,NA,NA,2014-09-09,NA
SHR,NA,NA,2014-09-23,NA
SHR,NA,NA,2014-10-06,NA
SHR,NA,NA,2014-10-22,NA
SHR,NA,NA,2014-11-04,NA
SHR,NA,NA,2014-11-18,NA
SHR,38.53188,-121.528,2014-12-03,NA
SHR,38.53188,-121.528,2014-12-17,1.41
SHR,38.53188,-121.528,2014-12-29,0.82
SHR,38.53188,-121.528,2015-01-15,1.24
SHR,38.53188,-121.528,2015-01-21,1.61
SHR,38.53188,-121.528,2015-02-03,2.04
SHR,38.53188,-121.528,2015-02-18,3.29
SHR,38.53188,-121.528,2015-03-03,2.64
SHR,NA,NA,2015-03-17,NA
SHR,NA,NA,2015-04-03,NA
SHR,38.53188,-121.528,2015-04-17,4.67
SHR,NA,NA,2015-04-29,NA
SHR,38.53188,-121.528,2015-05-19,1.68
SHR,38.53188,-121.528,2015-06-02,1.36
SHR,38.53188,-121.528,2015-06-16,1.08
SHR,NA,NA,2015-07-01,NA
SHR,NA,NA,2015-07-14,NA
SHR,NA,NA,2015-07-29,NA
SHR,NA,NA,2015-08-05,NA
SHR,38.53188,-121.528,2015-08-17,0.88
SHR,NA,NA,2015-08-31,NA
SHR,38.53188,-121.528,2015-09-14,0.93
SHR,38.53188,-121.528,2015-09-28,0.87
SHR,38.53188,-121.528,2015-10-12,0.9
SHR,NA,NA,2015-10-26,NA
SHR,38.53188,-121.528,2015-11-09,0.63
SHR,38.53188,-121.528,2015-11-23,0.8
SHR,38.53188,-121.528,2015-12-10,1.55
SHR,NA,NA,2015-12-22,NA
SHR,38.53188,-121.528,2016-01-13,2.72
SHR,38.53188,-121.528,2016-01-28,1.53
SHR,NA,NA,2016-02-08,NA
SHR,38.53188,-121.528,2016-02-23,3.55
SHR,38.53188,-121.528,2016-03-08,6.22
SHR,38.53188,-121.528,2016-03-17,1.95
SHR,38.53188,-121.528,2016-03-25,4.85
SHR,38.53188,-121.528,2016-03-30,5.28
SHR,38.53188,-121.528,2016-04-07,4.54
SHR,38.53188,-121.528,2016-04-18,3.4
SHR,38.53188,-121.528,2016-05-05,1.09
SHR,38.53188,-121.528,2016-05-20,1.18
SHR,38.53188,-121.528,2016-05-31,1.41
SHR,38.53188,-121.528,2016-06-13,1.8
SHR,38.53188,-121.528,2016-06-29,2.19
SHR,NA,NA,2016-07-06,NA
SHR,NA,NA,2016-07-18,NA
SHR,NA,NA,2016-08-01,NA
SHR,38.53188,-121.528,2016-08-15,1.89
SHR,38.53188,-121.528,2016-08-29,2.02
SHR,38.53188,-121.528,2016-09-12,1.41
SHR,38.53188,-121.528,2016-09-19,1.68
SHR,38.53188,-121.528,2016-10-05,1.16
SHR,38.53188,-121.528,2016-10-19,0.8
SHR,38.53188,-121.528,2016-11-01,1.36
SHR,38.53188,-121.528,2016-11-18,0.7
SHR,38.53188,-121.528,2016-11-18,NA
SHR,38.53188,-121.528,2016-11-29,NA
SHR,38.53188,-121.528,2016-12-14,3.05
SHR,38.53188,-121.528,2016-12-14,NA
SHR,38.53188,-121.528,2016-12-14,NA
SHR,38.53188,-121.528,2016-12-14,NA
SHR,NA,NA,2016-12-21,NA
SHR,38.53188,-121.528,2016-12-29,1.69
SHR,38.53188,-121.528,2017-01-10,2.49
SHR,38.53188,-121.528,2017-01-23,1.14
SHR,38.53188,-121.528,2017-02-07,1.48
SHR,38.53188,-121.528,2017-02-23,0.67
SHR,38.53188,-121.528,2017-03-08,2.75
SHR,38.53188,-121.528,2017-03-21,3.2
SHR,38.53188,-121.528,2017-04-04,6.88
SHR,38.53188,-121.528,2017-04-19,2.45
SHR,38.53188,-121.528,2017-05-04,2.87
SHR,38.53188,-121.528,2017-05-17,2.6
SHR,38.53188,-121.528,2017-05-31,2.29
SHR,38.53188,-121.528,2017-06-13,2.8
SHR,38.53188,-121.528,2017-06-27,2.7
SHR,NA,NA,2017-07-18,NA
SHR,38.53188,-121.528,2017-08-01,3.59
SHR,38.53188,-121.528,2017-08-15,3.73
SHR,38.53188,-121.528,2017-08-29,2.12
SHR,NA,NA,2017-09-12,NA
SHR,NA,NA,2017-09-19,NA
SHR,38.53188,-121.528,2017-10-03,2.19
SHR,NA,NA,2017-10-17,NA
SHR,NA,NA,2017-10-19,NA
SHR,38.53188,-121.528,2017-11-01,2.09
SHR,38.53188,-121.528,2017-11-14,3.59
SHR,38.53188,-121.528,2017-11-28,2.84
SHR,38.53188,-121.528,2017-12-14,2.66
SHR,38.53188,-121.528,2017-12-19,4.13
SHR,38.53188,-121.528,2017-12-19,NA
SHR,38.53188,-121.528,2018-01-04,2.47
SHR,38.53188,-121.528,2018-01-18,3.23
SHR,38.53188,-121.528,2018-01-31,2.94
SHR,38.53188,-121.528,2018-02-14,2.87
SHR,38.53188,-121.528,2018-02-27,3.36
SHR,38.53188,-121.528,2018-03-13,3.85
SHR,38.53188,-121.528,2018-03-29,3.03
SHR,38.53188,-121.528,2018-04-11,2.73
SHR,38.53188,-121.528,2018-04-24,5.52
SHR,38.53188,-121.528,2018-05-02,6.06
SHR,38.53188,-121.528,2018-05-16,3.32
SHR,38.53188,-121.528,2018-05-29,4.14
SHR,38.53188,-121.528,2018-06-13,2.83
SHR,38.53188,-121.528,2018-06-27,3.75
SHR,NA,NA,2018-07-12,NA
SHR,38.53188,-121.528,2018-07-25,2.37
SHR,38.53188,-121.528,2018-08-09,2.53
SHR,38.53188,-121.528,2018-08-23,1.35
SHR,38.53188,-121.528,2018-09-06,1.69
SHR,38.53188,-121.528,2018-09-20,1.14
SHR,38.53188,-121.528,2018-10-11,0.55
SHR,38.53188,-121.528,2018-10-26,0.98
SHR,38.53188,-121.528,2018-11-09,0.86
SHR,38.53188,-121.528,2018-11-27,2.9
SHR,38.53188,-121.528,2018-12-12,1.43
SHR,38.53188,-121.528,2018-12-27,1.81
SHR,38.53188,-121.528,2019-01-09,5.61
SHR,38.53188,-121.528,2019-01-23,2.1
SHR,38.53188,-121.528,2019-02-04,4.66
SHR,38.53188,-121.528,2019-02-20,1.49
SHR,38.53188,-121.528,2019-02-27,1.3
SHR,38.53188,-121.528,2019-03-12,1.28
SHR,38.53188,-121.528,2019-03-21,4.89
SHR,38.53188,-121.528,2019-03-29,2.23
SHR,38.53188,-121.528,2019-04-04,4.08
SHR,38.53188,-121.528,2019-04-09,2.64
SHR,38.53188,-121.528,2019-04-16,2.26
SHR,38.53188,-121.528,2019-04-23,3.76
SHR,38.53188,-121.528,2019-05-07,0.87
SHR,38.53188,-121.528,2019-05-21,2.57
SHR,38.53188,-121.528,2019-06-04,1.93
SHR,38.53188,-121.528,2019-06-18,1.29
SHR,38.53188,-121.528,2019-07-02,2.26
SHR,38.53188,-121.528,2019-07-16,2.36
SHR,38.53188,-121.528,2019-08-05,2.3
SHR,38.53188,-121.528,2019-08-19,1.43
SHR,38.53188,-121.528,2019-09-05,1.49
SHR,38.53188,-121.528,2019-09-16,1.4
SHR,38.53188,-121.528,2019-09-30,1.74
SHR,38.53188,-121.528,2019-10-14,1.13
SHR,38.53188,-121.528,2019-10-28,1.22
SHR,38.53188,-121.528,2019-11-13,1.28
SHR,38.53188,-121.528,2019-11-25,0.94
SHR,38.53188,-121.528,2019-12-10,3.52
SHR,38.53188,-121.528,2019-12-27,2
STTD,NA,NA,1998-02-03,NA
STTD,NA,NA,1998-02-04,NA
STTD,NA,NA,1998-02-11,NA
STTD,NA,NA,1998-02-17,NA
STTD,NA,NA,1998-02-24,NA
STTD,NA,NA,1998-03-04,NA
STTD,NA,NA,1998-03-11,NA
STTD,NA,NA,1998-03-19,NA
STTD,NA,NA,1998-03-25,NA
STTD,NA,NA,1998-04-01,NA
STTD,NA,NA,1998-04-08,NA
STTD,NA,NA,1999-02-16,NA
STTD,NA,NA,1999-02-17,NA
STTD,NA,NA,1999-02-24,NA
STTD,NA,NA,1999-02-25,NA
STTD,NA,NA,1999-03-02,NA
STTD,NA,NA,1999-03-04,NA
STTD,NA,NA,1999-03-09,NA
STTD,NA,NA,1999-03-11,NA
STTD,NA,NA,1999-03-16,NA
STTD,NA,NA,1999-03-18,NA
STTD,NA,NA,1999-03-24,NA
STTD,NA,NA,1999-03-25,NA
STTD,NA,NA,1999-03-31,NA
STTD,NA,NA,1999-04-01,NA
STTD,NA,NA,1999-04-06,NA
STTD,NA,NA,1999-04-08,NA
STTD,NA,NA,1999-04-14,NA
STTD,NA,NA,1999-04-16,NA
STTD,NA,NA,1999-04-19,NA
STTD,NA,NA,1999-04-22,NA
STTD,NA,NA,1999-04-23,NA
STTD,NA,NA,1999-04-27,NA
STTD,NA,NA,1999-04-29,NA
STTD,NA,NA,1999-04-30,NA
STTD,NA,NA,1999-05-03,NA
STTD,NA,NA,1999-05-05,NA
STTD,NA,NA,1999-05-07,NA
STTD,NA,NA,1999-05-10,NA
STTD,NA,NA,1999-05-12,NA
STTD,NA,NA,1999-05-17,NA
STTD,NA,NA,1999-05-21,NA
STTD,NA,NA,1999-05-28,NA
STTD,NA,NA,1999-06-01,NA
STTD,NA,NA,1999-06-07,NA
STTD,NA,NA,2000-02-10,NA
STTD,NA,NA,2000-02-16,NA
STTD,NA,NA,2000-02-25,NA
STTD,NA,NA,2000-02-29,NA
STTD,NA,NA,2000-03-08,NA
STTD,NA,NA,2000-03-15,NA
STTD,NA,NA,2000-03-21,NA
STTD,NA,NA,2000-05-05,NA
STTD,NA,NA,2000-06-05,NA
STTD,NA,NA,2001-01-30,NA
STTD,NA,NA,2001-02-01,NA
STTD,NA,NA,2001-02-08,NA
STTD,NA,NA,2001-02-16,NA
STTD,NA,NA,2001-02-22,NA
STTD,NA,NA,2001-02-28,NA
STTD,NA,NA,2001-03-07,NA
STTD,NA,NA,2001-03-15,NA
STTD,NA,NA,2001-03-16,NA
STTD,NA,NA,2001-03-19,NA
STTD,NA,NA,2001-03-21,NA
STTD,NA,NA,2001-03-28,NA
STTD,NA,NA,2001-04-04,NA
STTD,NA,NA,2001-04-06,NA
STTD,NA,NA,2001-04-13,NA
STTD,NA,NA,2001-04-20,NA
STTD,NA,NA,2001-04-24,NA
STTD,NA,NA,2001-05-03,NA
STTD,NA,NA,2001-05-10,NA
STTD,NA,NA,2001-05-17,NA
STTD,NA,NA,2001-05-24,NA
STTD,NA,NA,2001-06-11,NA
STTD,NA,NA,2001-06-13,NA
STTD,NA,NA,2001-06-29,NA
STTD,NA,NA,2001-11-21,NA
STTD,NA,NA,2001-12-12,NA
STTD,NA,NA,2001-12-14,NA
STTD,NA,NA,2001-12-18,NA
STTD,NA,NA,2001-12-19,NA
STTD,NA,NA,2001-12-20,NA
STTD,NA,NA,2001-12-21,NA
STTD,NA,NA,2002-01-02,NA
STTD,NA,NA,2002-01-08,NA
STTD,NA,NA,2002-01-11,NA
STTD,NA,NA,2002-01-16,NA
STTD,NA,NA,2002-01-24,NA
STTD,NA,NA,2002-01-29,NA
STTD,NA,NA,2002-01-29,NA
STTD,NA,NA,2002-02-08,NA
STTD,NA,NA,2002-02-22,NA
STTD,NA,NA,2002-03-05,NA
STTD,NA,NA,2002-03-06,NA
STTD,NA,NA,2002-03-21,NA
STTD,NA,NA,2002-03-21,NA
STTD,NA,NA,2002-04-03,NA
STTD,NA,NA,2002-04-18,NA
STTD,NA,NA,2002-05-02,NA
STTD,NA,NA,2002-05-03,NA
STTD,NA,NA,2002-05-08,NA
STTD,NA,NA,2002-05-16,NA
STTD,NA,NA,2002-05-24,NA
STTD,NA,NA,2002-05-30,NA
STTD,NA,NA,2002-06-05,NA
STTD,NA,NA,2002-06-11,NA
STTD,NA,NA,2002-06-19,NA
STTD,NA,NA,2003-01-03,NA
STTD,NA,NA,2003-01-07,NA
STTD,NA,NA,2003-01-10,NA
STTD,NA,NA,2003-01-13,NA
STTD,NA,NA,2003-01-14,NA
STTD,NA,NA,2003-01-17,NA
STTD,NA,NA,2003-01-31,NA
STTD,NA,NA,2003-02-04,NA
STTD,NA,NA,2003-02-07,NA
STTD,NA,NA,2003-02-11,NA
STTD,NA,NA,2003-02-14,NA
STTD,NA,NA,2003-02-18,NA
STTD,NA,NA,2003-03-05,NA
STTD,NA,NA,2003-03-12,NA
STTD,NA,NA,2003-03-18,NA
STTD,NA,NA,2003-04-01,NA
STTD,NA,NA,2003-04-14,NA
STTD,NA,NA,2003-05-05,NA
STTD,NA,NA,2003-05-07,NA
STTD,NA,NA,2003-05-09,NA
STTD,NA,NA,2003-05-12,NA
STTD,NA,NA,2003-05-14,NA
STTD,NA,NA,2003-05-16,NA
STTD,NA,NA,2003-05-23,NA
STTD,NA,NA,2003-05-28,NA
STTD,NA,NA,2003-06-04,NA
STTD,NA,NA,2003-06-11,NA
STTD,NA,NA,2003-06-18,NA
STTD,NA,NA,2003-06-25,NA
STTD,NA,NA,2004-01-08,NA
STTD,NA,NA,2004-01-09,NA
STTD,NA,NA,2004-01-23,NA
STTD,NA,NA,2004-01-26,NA
STTD,NA,NA,2004-02-13,NA
STTD,NA,NA,2004-02-25,NA
STTD,NA,NA,2004-03-10,NA
STTD,NA,NA,2004-03-12,NA
STTD,NA,NA,2004-03-19,NA
STTD,NA,NA,2004-03-23,NA
STTD,NA,NA,2004-03-24,NA
STTD,NA,NA,2004-04-09,NA
STTD,NA,NA,2004-04-23,NA
STTD,NA,NA,2004-04-26,NA
STTD,NA,NA,2004-05-12,NA
STTD,NA,NA,2004-05-21,NA
STTD,NA,NA,2004-06-18,NA
STTD,NA,NA,2004-12-29,NA
STTD,NA,NA,2005-01-05,NA
STTD,NA,NA,2005-01-12,NA
STTD,NA,NA,2005-01-14,NA
STTD,NA,NA,2005-01-18,NA
STTD,NA,NA,2005-01-26,NA
STTD,NA,NA,2005-02-02,NA
STTD,NA,NA,2005-02-09,NA
STTD,NA,NA,2005-02-25,NA
STTD,NA,NA,2005-03-04,NA
STTD,NA,NA,2005-03-09,NA
STTD,NA,NA,2005-03-23,NA
STTD,NA,NA,2005-03-29,NA
STTD,NA,NA,2005-04-04,NA
STTD,NA,NA,2005-04-11,NA
STTD,NA,NA,2005-04-22,NA
STTD,NA,NA,2005-04-27,NA
STTD,NA,NA,2005-05-09,NA
STTD,NA,NA,2005-05-27,NA
STTD,NA,NA,2005-06-03,NA
STTD,NA,NA,2005-06-22,NA
STTD,NA,NA,2006-01-06,NA
STTD,NA,NA,2006-01-10,NA
STTD,NA,NA,2006-01-19,NA
STTD,NA,NA,2006-01-26,NA
STTD,NA,NA,2006-02-02,NA
STTD,NA,NA,2006-02-17,NA
STTD,NA,NA,2006-02-28,NA
STTD,NA,NA,2006-03-08,NA
STTD,NA,NA,2006-03-15,NA
STTD,NA,NA,2006-03-23,NA
STTD,NA,NA,2006-03-29,NA
STTD,NA,NA,2006-04-06,NA
STTD,NA,NA,2006-04-13,NA
STTD,NA,NA,2006-04-19,NA
STTD,NA,NA,2006-04-27,NA
STTD,NA,NA,2006-05-12,NA
STTD,NA,NA,2006-05-16,NA
STTD,NA,NA,2006-05-25,NA
STTD,NA,NA,2006-06-01,NA
STTD,NA,NA,2006-06-13,NA
STTD,NA,NA,2006-06-30,NA
STTD,NA,NA,2007-02-28,NA
STTD,NA,NA,2007-03-12,NA
STTD,NA,NA,2007-03-28,NA
STTD,NA,NA,2007-04-11,NA
STTD,NA,NA,2007-04-23,NA
STTD,NA,NA,2007-05-09,NA
STTD,NA,NA,2007-05-21,NA
STTD,NA,NA,2007-06-06,NA
STTD,NA,NA,2007-06-20,NA
STTD,NA,NA,2008-01-16,NA
STTD,NA,NA,2008-01-30,NA
STTD,NA,NA,2008-02-13,NA
STTD,NA,NA,2008-02-29,NA
STTD,NA,NA,2008-03-12,NA
STTD,NA,NA,2008-03-26,NA
STTD,NA,NA,2008-04-09,NA
STTD,NA,NA,2008-04-23,NA
STTD,NA,NA,2008-05-07,NA
STTD,NA,NA,2008-05-21,NA
STTD,NA,NA,2008-06-04,NA
STTD,NA,NA,2008-06-16,NA
STTD,NA,NA,2009-01-15,NA
STTD,NA,NA,2009-01-29,NA
STTD,NA,NA,2009-02-11,NA
STTD,NA,NA,2009-02-27,NA
STTD,NA,NA,2009-03-12,NA
STTD,NA,NA,2009-03-25,NA
STTD,NA,NA,2009-04-08,NA
STTD,NA,NA,2009-04-23,NA
STTD,NA,NA,2009-05-07,NA
STTD,NA,NA,2009-05-21,NA
STTD,NA,NA,2009-06-03,NA
STTD,NA,NA,2009-06-18,NA
STTD,NA,NA,2010-01-06,NA
STTD,38.35338,-121.643,2010-01-13,1.77
STTD,NA,NA,2010-01-21,NA
STTD,38.35338,-121.643,2010-01-26,2.09
STTD,NA,NA,2010-02-03,NA
STTD,38.35338,-121.643,2010-02-10,4.49
STTD,38.35338,-121.643,2010-02-17,12.2
STTD,NA,NA,2010-02-24,NA
STTD,38.35338,-121.643,2010-03-03,5.51
STTD,NA,NA,2010-03-17,NA
STTD,38.35338,-121.643,2010-03-30,156
STTD,38.35338,-121.643,2010-04-12,16.1
STTD,38.35338,-121.643,2010-04-28,3.61
STTD,38.35338,-121.643,2010-05-13,26.06
STTD,38.35338,-121.643,2010-05-27,9.08
STTD,NA,NA,2010-06-08,NA
STTD,38.35338,-121.643,2011-01-12,3.17
STTD,NA,NA,2011-01-26,NA
STTD,38.35338,-121.643,2011-02-09,4.25
STTD,NA,NA,2011-02-23,NA
STTD,NA,NA,2011-03-09,NA
STTD,NA,NA,2011-03-29,NA
STTD,NA,NA,2011-04-06,NA
STTD,NA,NA,2011-04-13,NA
STTD,38.35338,-121.643,2011-04-22,10.15
STTD,NA,NA,2011-05-04,NA
STTD,NA,NA,2011-05-19,NA
STTD,NA,NA,2011-06-01,NA
STTD,NA,NA,2011-06-15,NA
STTD,38.35338,-121.643,2011-06-29,7.37
STTD,38.35338,-121.643,2011-07-13,7.16
STTD,38.35338,-121.643,2011-07-26,6.3
STTD,NA,NA,2011-08-10,NA
STTD,NA,NA,2011-08-24,NA
STTD,NA,NA,2011-09-07,NA
STTD,NA,NA,2011-09-20,NA
STTD,38.35338,-121.643,2011-10-06,18.2
STTD,38.35338,-121.643,2011-10-19,17.05
STTD,38.35338,-121.643,2011-11-02,27.66
STTD,38.35338,-121.643,2011-11-15,6.62
STTD,NA,NA,2011-11-30,NA
STTD,38.35338,-121.643,2011-12-14,4.33
STTD,NA,NA,2011-12-29,NA
STTD,NA,NA,2012-01-11,NA
STTD,38.35338,-121.643,2012-01-24,5.98
STTD,NA,NA,2012-02-08,NA
STTD,NA,NA,2012-02-23,NA
STTD,38.35338,-121.643,2012-03-07,15.38
STTD,38.35338,-121.643,2012-03-22,3.65
STTD,NA,NA,2012-04-04,NA
STTD,38.35338,-121.643,2012-04-16,7.8
STTD,38.35338,-121.643,2012-05-02,10.79
STTD,38.35338,-121.643,2012-05-17,4.7
STTD,NA,NA,2012-05-31,NA
STTD,38.35338,-121.643,2012-06-13,4.89
STTD,NA,NA,2012-06-25,NA
STTD,38.35338,-121.643,2012-07-10,7.52
STTD,NA,NA,2012-07-25,NA
STTD,NA,NA,2012-08-21,NA
STTD,38.35338,-121.643,2012-09-05,10.2
STTD,38.35338,-121.643,2012-09-21,11.9
STTD,38.35338,-121.643,2012-10-03,NA
STTD,38.35338,-121.643,2012-10-19,20.3
STTD,38.35338,-121.643,2012-10-30,8.86
STTD,NA,NA,2012-11-13,NA
STTD,38.35338,-121.643,2012-11-29,8.01
STTD,38.35338,-121.643,2012-12-12,4.04
STTD,38.35338,-121.643,2012-12-27,2.95
STTD,38.35338,-121.643,2013-01-03,1.72
STTD,38.35338,-121.643,2013-01-08,4.71
STTD,38.35338,-121.643,2013-01-18,4.84
STTD,38.35338,-121.643,2013-01-24,6.62
STTD,38.35338,-121.643,2013-01-30,7.37
STTD,38.35338,-121.643,2013-02-08,5.98
STTD,38.35338,-121.643,2013-02-13,5.55
STTD,38.35338,-121.643,2013-02-22,5.98
STTD,38.35338,-121.643,2013-02-27,13.03
STTD,38.35338,-121.643,2013-03-06,13.56
STTD,38.35338,-121.643,2013-03-13,21.47
STTD,38.35338,-121.643,2013-03-20,19.86
STTD,38.35338,-121.643,2013-04-03,8.67
STTD,38.35338,-121.643,2013-04-15,8.58
STTD,38.35338,-121.643,2013-04-29,19.5
STTD,38.35338,-121.643,2013-05-14,5.98
STTD,38.35338,-121.643,2013-05-31,5.45
STTD,38.35338,-121.643,2013-06-11,5.45
STTD,38.35338,-121.643,2013-06-25,6.51
STTD,38.35338,-121.643,2013-07-11,10.22
STTD,38.35338,-121.643,2013-07-25,7.05
STTD,NA,NA,2013-08-06,NA
STTD,38.35338,-121.643,2013-08-23,6.24
STTD,NA,NA,2013-09-05,NA
STTD,NA,NA,2013-09-17,NA
STTD,38.35338,-121.643,2013-10-03,13.03
STTD,38.35338,-121.643,2013-10-15,5.83
STTD,38.35338,-121.643,2013-10-30,3.97
STTD,38.35338,-121.643,2013-11-12,2.56
STTD,38.35338,-121.643,2013-12-04,2.65
STTD,38.35338,-121.643,2013-12-18,2.99
STTD,38.35338,-121.643,2014-01-02,13.24
STTD,38.35338,-121.643,2014-01-15,7.2
STTD,38.35338,-121.643,2014-01-29,10.83
STTD,38.35338,-121.643,2014-02-12,8.19
STTD,38.35338,-121.643,2014-02-24,8.52
STTD,38.35338,-121.643,2014-03-12,6.56
STTD,38.35338,-121.643,2014-03-25,10.51
STTD,NA,NA,2014-04-07,NA
STTD,38.35338,-121.643,2014-04-25,3.46
STTD,38.35338,-121.643,2014-05-09,3.46
STTD,38.35338,-121.643,2014-05-22,3.72
STTD,NA,NA,2014-06-09,NA
STTD,NA,NA,2014-06-23,NA
STTD,NA,NA,2014-07-10,NA
STTD,38.35338,-121.643,2014-07-23,7.41
STTD,38.35338,-121.643,2014-08-05,5.99
STTD,38.35338,-121.643,2014-08-14,6.3
STTD,38.35338,-121.643,2014-08-21,7.54
STTD,38.35338,-121.643,2014-08-27,5.23
STTD,38.35338,-121.643,2014-09-04,7.52
STTD,38.35338,-121.643,2014-09-10,7.05
STTD,38.35338,-121.643,2014-09-18,14.31
STTD,38.35338,-121.643,2014-09-24,9.72
STTD,38.35338,-121.643,2014-10-02,7.13
STTD,38.35338,-121.643,2014-10-07,6.54
STTD,38.35338,-121.643,2014-10-13,3.74
STTD,38.35338,-121.643,2014-10-23,13.03
STTD,38.35338,-121.643,2014-10-27,13.46
STTD,NA,NA,2014-11-05,NA
STTD,NA,NA,2014-11-19,NA
STTD,38.35338,-121.643,2014-12-04,NA
STTD,38.35338,-121.643,2014-12-18,1.82
STTD,38.35338,-121.643,2014-12-30,2.82
STTD,38.35338,-121.643,2015-01-16,9.76
STTD,38.35338,-121.643,2015-01-20,13.67
STTD,38.35338,-121.643,2015-02-04,8.79
STTD,38.35338,-121.643,2015-02-17,8.93
STTD,38.35338,-121.643,2015-03-04,17.73
STTD,38.35338,-121.643,2015-03-16,14.82
STTD,NA,NA,2015-03-24,NA
STTD,38.35338,-121.643,2015-04-02,16.47
STTD,38.35338,-121.643,2015-04-16,32.21
STTD,NA,NA,2015-04-30,NA
STTD,38.35338,-121.643,2015-05-18,2.63
STTD,38.35338,-121.643,2015-06-03,4.02
STTD,38.35338,-121.643,2015-06-17,3.89
STTD,NA,NA,2015-06-30,NA
STTD,38.35338,-121.643,2015-07-15,8.48
STTD,NA,NA,2015-07-28,NA
STTD,38.35338,-121.643,2015-08-03,5.72
STTD,38.35338,-121.643,2015-08-18,8.37
STTD,38.35338,-121.643,2015-09-01,9.29
STTD,38.35338,-121.643,2015-09-15,7.97
STTD,38.35338,-121.643,2015-10-01,4.69
STTD,38.35338,-121.643,2015-10-13,2.92
STTD,38.35338,-121.643,2015-10-27,2.54
STTD,NA,NA,2015-11-10,NA
STTD,38.35338,-121.643,2015-11-12,1.69
STTD,38.35338,-121.643,2015-11-24,2.61
STTD,38.35338,-121.643,2015-12-09,2.73
STTD,38.35338,-121.643,2015-12-23,3.95
STTD,38.35338,-121.643,2016-01-12,10.07
STTD,38.35338,-121.643,2016-01-27,4.29
STTD,38.35338,-121.643,2016-02-09,7.75
STTD,38.35338,-121.643,2016-02-22,8.8
STTD,NA,NA,2016-02-29,NA
STTD,38.35338,-121.643,2016-03-07,12.7
STTD,38.35338,-121.643,2016-03-07,NA
STTD,38.35338,-121.643,2016-03-18,1.75
STTD,38.35338,-121.643,2016-03-24,67.08
STTD,38.35338,-121.643,2016-03-30,37.13
STTD,38.35338,-121.643,2016-04-08,26.3
STTD,NA,NA,2016-04-12,NA
STTD,38.35338,-121.643,2016-04-19,18.92
STTD,NA,NA,2016-04-28,NA
STTD,38.35338,-121.643,2016-05-04,7.04
STTD,38.35338,-121.643,2016-05-19,4.59
STTD,38.35338,-121.643,2016-06-01,5.93
STTD,38.35338,-121.643,2016-06-14,22.75
STTD,38.35338,-121.643,2016-06-30,5.63
STTD,38.35338,-121.643,2016-07-07,18.35
STTD,38.35338,-121.643,2016-07-14,10.48
STTD,38.35338,-121.643,2016-07-14,NA
STTD,38.35338,-121.643,2016-07-19,22.64
STTD,38.35338,-121.643,2016-07-19,NA
STTD,38.35338,-121.643,2016-08-02,11.93
STTD,38.35338,-121.643,2016-08-16,12.55
STTD,38.35338,-121.643,2016-08-30,8.41
STTD,38.35338,-121.643,2016-09-13,8.4
STTD,38.35338,-121.643,2016-09-20,4.37
STTD,38.35338,-121.643,2016-10-04,4.63
STTD,38.35338,-121.643,2016-10-18,2.14
STTD,38.35338,-121.643,2016-10-31,2.44
STTD,38.35338,-121.643,2016-11-14,3.16
STTD,38.35338,-121.643,2016-11-14,NA
STTD,38.35338,-121.643,2016-11-28,NA
STTD,38.35338,-121.643,2016-12-13,5.72
STTD,38.35338,-121.643,2016-12-13,NA
STTD,38.35338,-121.643,2016-12-13,NA
STTD,38.35338,-121.643,2016-12-13,NA
STTD,38.35338,-121.643,2016-12-21,2.68
STTD,38.35338,-121.643,2016-12-27,5.83
STTD,38.35338,-121.643,2017-01-11,1.83
STTD,38.35338,-121.643,2017-01-18,1.3
STTD,38.35338,-121.643,2017-01-24,1.19
STTD,38.35338,-121.643,2017-02-02,2.23
STTD,38.35338,-121.643,2017-02-06,1.71
STTD,38.35338,-121.643,2017-02-16,0.83
STTD,38.35338,-121.643,2017-02-22,0.87
STTD,38.35338,-121.643,2017-03-09,2.2
STTD,38.35338,-121.643,2017-03-14,39.09
STTD,NA,NA,2017-03-21,NA
STTD,38.35338,-121.643,2017-03-22,18.34
STTD,38.35338,-121.643,2017-03-28,15.93
STTD,38.35338,-121.643,2017-04-05,23.37
STTD,NA,NA,2017-04-13,NA
STTD,38.35338,-121.643,2017-04-18,5.39
STTD,38.35338,-121.643,2017-04-26,5.06
STTD,38.35338,-121.643,2017-05-05,13.62
STTD,38.35338,-121.643,2017-05-09,28.28
STTD,NA,NA,2017-05-16,NA
STTD,38.35338,-121.643,2017-05-30,29.84
STTD,38.35338,-121.643,2017-06-12,18.23
STTD,NA,NA,2017-06-28,NA
STTD,NA,NA,2017-07-06,NA
STTD,38.35338,-121.643,2017-07-19,5.09
STTD,38.35338,-121.643,2017-08-02,5.62
STTD,NA,NA,2017-08-16,NA
STTD,NA,NA,2017-08-30,NA
STTD,NA,NA,2017-09-13,NA
STTD,NA,NA,2017-09-20,NA
STTD,38.35338,-121.643,2017-10-04,1.96
STTD,NA,NA,2017-10-19,NA
STTD,38.35338,-121.643,2017-11-02,1.63
STTD,38.35338,-121.643,2017-11-15,2.03
STTD,38.35338,-121.643,2017-11-29,4.73
STTD,38.35338,-121.643,2017-12-13,1.25
STTD,38.35338,-121.643,2017-12-20,1.58
STTD,38.35338,-121.643,2018-01-02,27.78
STTD,38.35338,-121.643,2018-01-17,10.5
STTD,38.35338,-121.643,2018-01-30,15.54
STTD,38.35338,-121.643,2018-02-13,11.52
STTD,38.35338,-121.643,2018-02-28,34.9
STTD,38.35338,-121.643,2018-03-14,13.66
STTD,38.35338,-121.643,2018-03-28,14.67
STTD,38.35338,-121.643,2018-04-10,4.61
STTD,NA,NA,2018-04-25,NA
STTD,38.35338,-121.643,2018-05-01,11.5
STTD,38.35338,-121.643,2018-05-15,3.24
STTD,38.35338,-121.643,2018-05-30,1.36
STTD,NA,NA,2018-06-12,NA
STTD,38.35338,-121.643,2018-06-26,1.72
STTD,NA,NA,2018-07-11,NA
STTD,NA,NA,2018-07-26,NA
STTD,NA,NA,2018-08-02,NA
STTD,NA,NA,2018-08-08,NA
STTD,NA,NA,2018-08-13,NA
STTD,NA,NA,2018-08-22,NA
STTD,NA,NA,2018-08-30,NA
STTD,NA,NA,2018-09-05,NA
STTD,NA,NA,2018-09-13,NA
STTD,NA,NA,2018-09-19,NA
STTD,NA,NA,2018-09-27,NA
STTD,NA,NA,2018-10-04,NA
STTD,NA,NA,2018-10-10,NA
STTD,NA,NA,2018-10-18,NA
STTD,NA,NA,2018-10-25,NA
STTD,NA,NA,2018-11-01,NA
STTD,38.35338,-121.643,2018-11-08,1.11
STTD,38.35338,-121.643,2018-11-26,0.85
STTD,38.35338,-121.643,2018-12-11,0.83
STTD,38.35338,-121.643,2018-12-26,1.63
STTD,38.35338,-121.643,2019-01-08,4.2
STTD,38.35338,-121.643,2019-01-22,2.9
STTD,38.35338,-121.643,2019-02-05,3.65
STTD,38.35338,-121.643,2019-02-19,1.5
STTD,38.35338,-121.643,2019-02-26,18.52
STTD,38.35338,-121.643,2019-03-11,0.97
STTD,38.35338,-121.643,2019-03-20,11.58
STTD,38.35338,-121.643,2019-03-28,24.7
STTD,38.35338,-121.643,2019-04-03,11
STTD,38.35338,-121.643,2019-04-08,4.81
STTD,38.35338,-121.643,2019-04-15,3.75
STTD,38.35338,-121.643,2019-04-22,17.4
STTD,38.35338,-121.643,2019-05-06,8.87
STTD,38.35338,-121.643,2019-05-20,10.3
STTD,38.35338,-121.643,2019-06-03,3.26
STTD,38.35338,-121.643,2019-06-17,1.48
STTD,38.35338,-121.643,2019-07-01,1.36
STTD,38.35338,-121.643,2019-07-15,0.83
STTD,38.35338,-121.643,2019-08-07,1.25
STTD,38.35338,-121.643,2019-08-21,2.93
STTD,38.35338,-121.643,2019-09-04,9.1
STTD,38.35338,-121.643,2019-09-18,5.46
STTD,38.35338,-121.643,2019-10-02,1.28
STTD,38.35338,-121.643,2019-10-16,1.01
STTD,38.35338,-121.643,2019-10-29,1.25
STTD,38.35338,-121.643,2019-11-14,1.01
STTD,38.35338,-121.643,2019-11-26,1.22
STTD,38.35338,-121.643,2019-12-09,7.34
STTD,38.35338,-121.643,2019-12-26,4.82
LIS,38.474816,-121.588584,2013-03-06,24.99
LIS,38.474816,-121.588584,2013-03-13,33.96
LIS,38.474816,-121.588584,2013-03-20,44.11
LIS,38.474816,-121.588584,2013-04-03,11.75
LIS,38.474816,-121.588584,2013-04-15,15.91
LIS,38.474816,-121.588584,2013-04-29,28.09
LIS,38.474816,-121.588584,2013-05-14,35.67
LIS,38.474816,-121.588584,2013-05-31,25.85
LIS,38.474816,-121.588584,2013-06-11,30.65
LIS,38.474816,-121.588584,2013-06-25,10.89
LIS,38.474816,-121.588584,2013-07-11,23.92
LIS,38.474816,-121.588584,2013-07-25,16.45
LIS,38.474816,-121.588584,2013-08-06,17.52
LIS,38.474816,-121.588584,2013-08-06,NA
LIS,38.474816,-121.588584,2013-08-15,22.86
LIS,38.474816,-121.588584,2013-08-23,9.65
LIS,38.474816,-121.588584,2013-09-05,17.52
LIS,38.474816,-121.588584,2013-09-12,37.59
LIS,38.474816,-121.588584,2013-09-17,22.86
LIS,38.474816,-121.588584,2013-09-23,19.01
LIS,38.474816,-121.588584,2013-09-26,17.17
LIS,38.474816,-121.588584,2013-10-01,11.11
LIS,38.474816,-121.588584,2013-10-03,11.53
LIS,38.474816,-121.588584,2013-10-08,14.31
LIS,38.474816,-121.588584,2013-10-15,16.66
LIS,NA,NA,2013-10-22,NA
LIS,38.474816,-121.588584,2013-10-30,9.72
LIS,38.474816,-121.588584,2013-11-05,6.02
LIS,38.474816,-121.588584,2013-11-05,NA
LIS,38.474816,-121.588584,2013-11-12,8.1
LIS,38.474816,-121.588584,2013-11-19,4.27
LIS,38.474816,-121.588584,2013-12-03,5.75
LIS,38.474816,-121.588584,2013-12-17,6.75
LIS,38.474816,-121.588584,2014-01-02,8.76
LIS,38.474816,-121.588584,2014-01-08,6.47
LIS,NA,NA,2014-01-15,NA
LIS,NA,NA,2014-01-21,NA
LIS,38.474816,-121.588584,2014-01-29,11.11
LIS,38.474816,-121.588584,2014-02-04,8.97
LIS,38.474816,-121.588584,2014-02-12,11.96
LIS,38.474816,-121.588584,2014-02-18,9.16
LIS,38.474816,-121.588584,2014-02-24,14.31
LIS,38.474816,-121.588584,2014-03-06,13.24
LIS,38.474816,-121.588584,2014-03-12,14.95
LIS,38.474816,-121.588584,2014-03-18,9.83
LIS,38.474816,-121.588584,2014-03-25,13.67
LIS,38.474816,-121.588584,2014-04-07,5.66
LIS,38.474816,-121.588584,2014-04-08,5.51
LIS,38.474816,-121.588584,2014-04-22,14.52
LIS,38.474816,-121.588584,2014-05-06,13.46
LIS,38.474816,-121.588584,2014-05-20,7.35
LIS,38.474816,-121.588584,2014-06-09,12.18
LIS,38.474816,-121.588584,2014-06-17,8.18
LIS,38.474816,-121.588584,2014-06-23,6.31
LIS,38.474816,-121.588584,2014-07-08,9.33
LIS,38.474816,-121.588584,2014-07-23,12.82
LIS,38.474816,-121.588584,2014-08-05,9.51
LIS,NA,NA,2014-08-06,NA
LIS,38.474816,-121.588584,2014-08-14,13.88
LIS,NA,NA,2014-08-20,NA
LIS,38.474816,-121.588584,2014-08-21,13.24
LIS,38.474816,-121.588584,2014-08-27,16.45
LIS,NA,NA,2014-08-28,NA
LIS,38.474816,-121.588584,2014-09-04,15.38
LIS,38.474816,-121.588584,2014-09-10,15.81
LIS,NA,NA,2014-09-11,NA
LIS,38.474816,-121.588584,2014-09-18,18.58
LIS,38.474816,-121.588584,2014-09-24,17.73
LIS,NA,NA,2014-09-25,NA
LIS,38.474816,-121.588584,2014-10-02,16.87
LIS,38.474816,-121.588584,2014-10-07,10.89
LIS,NA,NA,2014-10-08,NA
LIS,38.474816,-121.588584,2014-10-13,7.73
LIS,NA,NA,2014-10-21,NA
LIS,38.474816,-121.588584,2014-10-23,3.76
LIS,38.474816,-121.588584,2014-10-27,4.91
LIS,NA,NA,2014-11-19,NA
LIS,38.474816,-121.588584,2014-12-02,NA
LIS,38.474816,-121.588584,2014-12-18,1.67
LIS,38.474816,-121.588584,2014-12-30,2.44
LIS,38.474816,-121.588584,2015-01-08,5.66
LIS,38.474816,-121.588584,2015-01-16,19.74
LIS,38.474816,-121.588584,2015-01-22,9.27
LIS,38.474816,-121.588584,2015-02-04,11.68
LIS,38.474816,-121.588584,2015-02-17,7.66
LIS,38.474816,-121.588584,2015-03-04,23.97
LIS,38.474816,-121.588584,2015-03-16,23.6
LIS,38.474816,-121.588584,2015-04-02,28.88
LIS,38.474816,-121.588584,2015-04-09,29.5
LIS,38.474816,-121.588584,2015-04-16,13.54
LIS,38.474816,-121.588584,2015-04-30,24.5
LIS,38.474816,-121.588584,2015-05-18,10.47
LIS,38.474816,-121.588584,2015-06-03,12.45
LIS,38.474816,-121.588584,2015-06-15,4.24
LIS,38.474816,-121.588584,2015-06-30,9.59
LIS,38.474816,-121.588584,2015-07-15,10.83
LIS,38.474816,-121.588584,2015-07-21,10.72
LIS,38.474816,-121.588584,2015-07-28,12.97
LIS,NA,NA,2015-08-04,NA
LIS,38.474816,-121.588584,2015-08-18,14.67
LIS,NA,NA,2015-09-02,NA
LIS,38.474816,-121.588584,2015-09-15,3.16
LIS,NA,NA,2015-10-02,NA
LIS,38.474816,-121.588584,2015-10-13,8.84
LIS,NA,NA,2015-10-28,NA
LIS,38.474816,-121.588584,2015-11-18,4.7
LIS,38.474816,-121.588584,2015-11-23,3.1
LIS,38.474816,-121.588584,2015-12-09,4.76
LIS,38.474816,-121.588584,2015-12-21,6.49
LIS,38.474816,-121.588584,2016-01-12,17.7
LIS,38.474816,-121.588584,2016-01-19,14.62
LIS,38.474816,-121.588584,2016-01-27,5.64
LIS,38.474816,-121.588584,2016-02-09,NA
LIS,38.474816,-121.588584,2016-02-18,16.65
LIS,38.474816,-121.588584,2016-03-07,15.67
LIS,38.474816,-121.588584,2016-03-18,1.51
LIS,38.474816,-121.588584,2016-03-22,NA
LIS,38.474816,-121.588584,2016-03-30,40.14
LIS,38.474816,-121.588584,2016-04-06,28.14
LIS,38.474816,-121.588584,2016-04-18,24.44
LIS,38.474816,-121.588584,2016-05-04,12.04
LIS,38.474816,-121.588584,2016-05-19,13.05
LIS,38.474816,-121.588584,2016-06-01,15.12
LIS,38.474816,-121.588584,2016-06-14,13.82
LIS,NA,NA,2016-06-20,NA
LIS,38.474816,-121.588584,2016-06-28,49.1
LIS,38.474816,-121.588584,2016-06-30,11.51
LIS,38.474816,-121.588584,2016-07-07,9.66
LIS,NA,NA,2016-07-08,NA
LIS,38.474816,-121.588584,2016-07-14,10.19
LIS,38.474816,-121.588584,2016-07-14,NA
LIS,38.474816,-121.588584,2016-07-19,27.93
LIS,38.474816,-121.588584,2016-07-19,NA
LIS,38.474816,-121.588584,2016-08-02,14.27
LIS,NA,NA,2016-08-03,NA
LIS,38.474816,-121.588584,2016-08-16,11.35
LIS,NA,NA,2016-08-17,NA
LIS,38.474816,-121.588584,2016-08-30,16.26
LIS,NA,NA,2016-08-31,NA
LIS,NA,NA,2016-09-07,NA
LIS,38.474816,-121.588584,2016-09-13,14.54
LIS,NA,NA,2016-09-14,NA
LIS,38.474816,-121.588584,2016-09-20,20.36
LIS,38.474816,-121.588584,2016-10-04,11.07
LIS,38.474816,-121.588584,2016-10-18,4.84
LIS,38.474816,-121.588584,2016-10-31,5.82
LIS,38.474816,-121.588584,2016-11-14,17.52
LIS,38.474816,-121.588584,2016-11-14,NA
LIS,NA,NA,2016-11-21,NA
LIS,38.474816,-121.588584,2016-11-28,NA
LIS,38.474816,-121.588584,2016-12-13,6.53
LIS,38.474816,-121.588584,2016-12-13,NA
LIS,38.474816,-121.588584,2016-12-13,NA
LIS,38.474816,-121.588584,2016-12-13,NA
LIS,NA,NA,2016-12-20,NA
LIS,NA,NA,2016-12-21,NA
LIS,38.474816,-121.588584,2016-12-27,7.24
LIS,38.474816,-121.588584,2017-01-11,1.06
LIS,38.474816,-121.588584,2017-01-18,1.6
LIS,38.474816,-121.588584,2017-01-24,1.05
LIS,38.474816,-121.588584,2017-01-31,1.48
LIS,38.474816,-121.588584,2017-02-06,2.12
LIS,38.474816,-121.588584,2017-02-22,0.57
LIS,38.474816,-121.588584,2017-03-09,2.31
LIS,38.474816,-121.588584,2017-03-14,42.48
LIS,38.474816,-121.588584,2017-03-22,9.98
LIS,38.474816,-121.588584,2017-04-05,22.27
LIS,38.474816,-121.588584,2017-04-18,4.1
LIS,38.474816,-121.588584,2017-04-26,14.76
LIS,38.474816,-121.588584,2017-05-03,4.64
LIS,38.474816,-121.588584,2017-05-16,19.73
LIS,38.474816,-121.588584,2017-05-30,37.62
LIS,38.474816,-121.588584,2017-06-12,15.65
LIS,38.474816,-121.588584,2017-06-21,18.71
LIS,NA,NA,2017-06-28,NA
LIS,NA,NA,2017-07-07,NA
LIS,38.474816,-121.588584,2017-07-19,10.44
LIS,38.474816,-121.588584,2017-08-02,15.97
LIS,NA,NA,2017-08-16,NA
LIS,NA,NA,2017-08-30,NA
LIS,NA,NA,2017-09-13,NA
LIS,NA,NA,2017-09-20,NA
LIS,38.474816,-121.588584,2017-10-04,4.75
LIS,NA,NA,2017-10-16,NA
LIS,38.474816,-121.588584,2017-10-19,5.09
LIS,38.474816,-121.588584,2017-11-02,6.81
LIS,38.474816,-121.588584,2017-11-15,13.87
LIS,38.474816,-121.588584,2017-11-29,14.61
LIS,38.474816,-121.588584,2017-12-13,33.19
LIS,38.474816,-121.588584,2017-12-20,15.67
LIS,38.474816,-121.588584,2018-01-02,26.16
LIS,38.474816,-121.588584,2018-01-17,12.64
LIS,38.474816,-121.588584,2018-01-30,14.5
LIS,38.474816,-121.588584,2018-02-13,12.88
LIS,38.474816,-121.588584,2018-02-28,24.76
LIS,38.474816,-121.588584,2018-03-14,19.06
LIS,38.474816,-121.588584,2018-03-28,18.38
LIS,38.474816,-121.588584,2018-04-10,3.57
LIS,38.474816,-121.588584,2018-04-25,27.3
LIS,38.474816,-121.588584,2018-05-01,13.6
LIS,38.474816,-121.588584,2018-05-15,9.97
LIS,38.474816,-121.588584,2018-05-30,19.82
LIS,38.474816,-121.588584,2018-06-12,15.7
LIS,38.474816,-121.588584,2018-06-26,7.89
LIS,NA,NA,2018-07-10,NA
LIS,NA,NA,2018-07-26,NA
LIS,NA,NA,2018-08-02,NA
LIS,NA,NA,2018-08-08,NA
LIS,NA,NA,2018-08-13,NA
LIS,NA,NA,2018-08-22,NA
LIS,NA,NA,2018-08-30,NA
LIS,NA,NA,2018-09-04,NA
LIS,NA,NA,2018-09-13,NA
LIS,NA,NA,2018-09-19,NA
LIS,NA,NA,2018-09-27,NA
LIS,NA,NA,2018-10-04,NA
LIS,NA,NA,2018-10-10,NA
LIS,NA,NA,2018-10-18,NA
LIS,NA,NA,2018-10-25,NA
LIS,NA,NA,2018-11-01,NA
LIS,38.474816,-121.588584,2018-11-08,4.28
LIS,38.474816,-121.588584,2018-11-26,4.9
LIS,38.474816,-121.588584,2018-12-11,4.3
LIS,38.474816,-121.588584,2018-12-26,4.32
LIS,38.474816,-121.588584,2019-01-08,5.29
LIS,38.474816,-121.588584,2019-01-22,3.85
LIS,38.474816,-121.588584,2019-02-05,2.81
LIS,38.474816,-121.588584,2019-02-19,1.66
LIS,38.474816,-121.588584,2019-02-26,12.06
LIS,38.474816,-121.588584,2019-03-11,1.42
LIS,38.474816,-121.588584,2019-03-20,12.09
LIS,38.474816,-121.588584,2019-03-28,18.9
LIS,38.474816,-121.588584,2019-04-03,10.5
LIS,38.474816,-121.588584,2019-04-08,2.06
LIS,38.474816,-121.588584,2019-04-15,2.45
LIS,38.474816,-121.588584,2019-04-22,24.51
LIS,38.474816,-121.588584,2019-05-06,13.6
LIS,38.474816,-121.588584,2019-05-20,8.96
LIS,38.474816,-121.588584,2019-06-03,6.86
LIS,38.474816,-121.588584,2019-06-17,4
LIS,38.474816,-121.588584,2019-07-01,16.9
LIS,38.474816,-121.588584,2019-07-15,7.87
LIS,38.474816,-121.588584,2019-08-06,18.4
LIS,38.474816,-121.588584,2019-08-20,15.4
LIS,38.474816,-121.588584,2019-09-03,5.56
LIS,38.474816,-121.588584,2019-09-17,6.74
LIS,38.474816,-121.588584,2019-10-01,18.09
LIS,38.474816,-121.588584,2019-10-15,9.83
LIS,38.474816,-121.588584,2019-10-29,6.29
LIS,38.474816,-121.588584,2019-11-12,7.22
LIS,38.474816,-121.588584,2019-11-12,NA
LIS,38.474816,-121.588584,2019-11-26,9.46
LIS,38.474816,-121.588584,2019-12-09,6.72
LIS,38.474816,-121.588584,2019-12-26,4.08
LIS,NA,NA,2015-08-03,NA
LIS,NA,NA,2015-08-13,NA
STTD,NA,NA,2015-08-13,NA
LIS,NA,NA,2015-08-27,NA
STTD,NA,NA,2015-08-27,NA
LIS,NA,NA,2015-09-01,NA
LIS,NA,NA,2015-09-10,NA
STTD,NA,NA,2015-09-10,NA
LIS,NA,NA,2015-09-21,NA
STTD,NA,NA,2015-09-21,NA
LIS,NA,NA,2015-10-01,NA
LIS,NA,NA,2015-10-08,NA
STTD,NA,NA,2015-10-08,NA
LIS,NA,NA,2015-10-19,NA
STTD,NA,NA,2015-10-19,NA
LIS,NA,NA,2015-10-27,NA
LIS,NA,NA,2016-07-28,NA
STTD,NA,NA,2016-07-28,NA
LIS,NA,NA,2016-08-09,NA
STTD,NA,NA,2016-08-09,NA
LIS,NA,NA,2016-08-25,NA
STTD,NA,NA,2016-08-25,NA
LIS,NA,NA,2016-09-08,NA
STTD,NA,NA,2016-09-08,NA
LIS,NA,NA,2017-07-06,NA
LIS,NA,NA,2017-07-13,NA
STTD,NA,NA,2017-07-13,NA
STTD,NA,NA,2017-07-27,NA
LIS,NA,NA,2017-07-27,NA
STTD,NA,NA,2017-08-10,NA
LIS,NA,NA,2017-08-10,NA
STTD,NA,NA,2017-08-21,NA
LIS,NA,NA,2017-08-21,NA
STTD,NA,NA,2017-08-31,NA
LIS,NA,NA,2017-09-07,NA
STTD,NA,NA,2017-09-07,NA
LIS,38.474816,-121.588584,2012-08-31,10.5
LIS,38.474816,-121.588584,2012-09-04,6.51
LIS,38.474816,-121.588584,2012-09-07,4.36
LIS,38.474816,-121.588584,2012-09-11,5.02
LIS,38.474816,-121.588584,2012-09-14,6.09
LIS,38.474816,-121.588584,2012-09-17,7.69
LIS,38.474816,-121.588584,2012-09-25,19.6
LIS,38.474816,-121.588584,2013-07-31,14.52
LIS,38.474816,-121.588584,2013-07-31,NA
LIS,38.474816,-121.588584,2013-08-26,10.42
LIS,38.474816,-121.588584,2013-10-04,19.48
LIS,38.474816,-121.588584,2013-10-22,13.24
LIS,38.474816,-121.588584,2013-10-22,35.88
LIS,38.474816,-121.588584,2014-01-15,7.28
LIS,38.474816,-121.588584,2014-01-21,9.08
LIS,38.474816,-121.588584,2014-11-06,3.25
LIS,38.474816,-121.588584,2014-11-19,3.95
LIS,38.474816,-121.588584,2014-12-02,1.05
LIS,38.474816,-121.588584,2015-06-15,NA
LIS,38.474816,-121.588584,2015-08-03,9.01
LIS,38.474816,-121.588584,2015-08-13,9.83
LIS,38.474816,-121.588584,2015-08-27,30.29
LIS,38.474816,-121.588584,2015-09-01,16.82
LIS,38.474816,-121.588584,2015-09-10,8.39
LIS,38.474816,-121.588584,2015-09-21,8.8
LIS,38.474816,-121.588584,2015-10-01,5.7
LIS,38.474816,-121.588584,2015-10-08,16.94
LIS,38.474816,-121.588584,2015-10-19,5.3
LIS,38.474816,-121.588584,2015-10-27,4.03
LIS,38.474816,-121.588584,2016-02-09,8.07
LIS,38.474816,-121.588584,2016-03-22,NA
LIS,38.474816,-121.588584,2016-03-22,46.72
LIS,38.474816,-121.588584,2016-07-28,12.24
LIS,38.474816,-121.588584,2016-08-09,16.12
LIS,38.474816,-121.588584,2016-08-25,17.52
LIS,38.474816,-121.588584,2016-09-08,18.45
LIS,38.474816,-121.588584,2016-11-14,NA
LIS,38.474816,-121.588584,2016-11-28,5.18
LIS,38.474816,-121.588584,2016-12-21,2.23
LIS,38.474816,-121.588584,2017-03-14,NA
LIS,38.474816,-121.588584,2017-06-28,15.37
LIS,38.474816,-121.588584,2017-07-06,25.33
LIS,38.474816,-121.588584,2017-09-20,50.29
SHR,38.53188,-121.528,2009-02-11,3.37
SHR,38.53188,-121.528,2009-02-27,2.61
SHR,38.53188,-121.528,2009-03-12,4.37
SHR,38.53188,-121.528,2009-03-25,3.18
SHR,38.53188,-121.528,2009-04-08,3.7
SHR,38.53188,-121.528,2009-04-23,4.58
SHR,38.53188,-121.528,2009-05-07,3.48
SHR,38.53188,-121.528,2009-06-03,4.06
SHR,38.53188,-121.528,2009-06-18,2.09
SHR,38.53188,-121.528,2010-01-06,2.21
SHR,38.53188,-121.528,2010-01-21,5.23
SHR,38.53188,-121.528,2010-02-03,1.9
SHR,38.53188,-121.528,2010-02-24,3.01
SHR,38.53188,-121.528,2011-01-12,1.05
SHR,38.53188,-121.528,2011-02-23,1.86
SHR,38.53188,-121.528,2011-03-09,2.35
SHR,38.53188,-121.528,2011-03-29,1.85
SHR,38.53188,-121.528,2011-04-06,4.66
SHR,38.53188,-121.528,2011-04-13,4.17
SHR,38.53188,-121.528,2011-04-22,3.18
SHR,38.53188,-121.528,2011-05-04,2.57
SHR,38.53188,-121.528,2011-05-19,2.01
SHR,38.53188,-121.528,2011-06-01,3.15
SHR,38.53188,-121.528,2011-06-15,2.79
SHR,38.53188,-121.528,2011-07-13,1.9
SHR,38.53188,-121.528,2011-08-10,2.56
SHR,38.53188,-121.528,2011-08-24,2.14
SHR,38.53188,-121.528,2011-09-07,2.17
SHR,38.53188,-121.528,2011-09-20,1.75
SHR,38.53188,-121.528,2011-11-30,0.96
SHR,38.53188,-121.528,2011-12-14,1.99
SHR,38.53188,-121.528,2012-02-08,3.64
SHR,38.53188,-121.528,2012-02-23,6.19
SHR,38.53188,-121.528,2012-04-04,1.92
SHR,38.53188,-121.528,2012-05-31,5.37
SHR,38.53188,-121.528,2012-06-25,3.16
SHR,38.53188,-121.528,2012-07-25,3.46
SHR,38.53188,-121.528,2012-09-21,0.99
SHR,38.53188,-121.528,2012-11-13,1.69
SHR,38.53188,-121.528,2012-11-29,2.17
SHR,38.53188,-121.528,2013-04-29,6.51
SHR,38.53188,-121.528,2013-05-31,2.99
SHR,38.53188,-121.528,2013-10-02,1.73
SHR,38.53188,-121.528,2013-10-31,NA
SHR,38.53188,-121.528,2014-04-07,4.25
SHR,38.53188,-121.528,2014-06-10,3.21
SHR,38.53188,-121.528,2014-08-07,1.28
SHR,38.53188,-121.528,2014-08-22,0.75
SHR,38.53188,-121.528,2014-08-26,0.95
SHR,38.53188,-121.528,2014-09-09,1.26
SHR,38.53188,-121.528,2014-09-23,1.12
SHR,38.53188,-121.528,2014-10-06,0.9
SHR,38.53188,-121.528,2014-10-22,0.43
SHR,38.53188,-121.528,2014-11-04,0.81
SHR,38.53188,-121.528,2014-11-18,0.69
SHR,38.53188,-121.528,2014-12-03,1.12
SHR,38.53188,-121.528,2015-03-17,2.48
SHR,38.53188,-121.528,2015-04-03,5.28
SHR,38.53188,-121.528,2015-04-29,3.42
SHR,38.53188,-121.528,2015-07-01,1.04
SHR,38.53188,-121.528,2015-07-14,1.2
SHR,38.53188,-121.528,2015-07-29,1.85
SHR,38.53188,-121.528,2015-08-05,0.99
SHR,38.53188,-121.528,2015-08-31,1
SHR,38.53188,-121.528,2015-10-28,1.42
SHR,38.53188,-121.528,2015-12-22,6.13
SHR,38.53188,-121.528,2016-02-08,1.86
SHR,38.53188,-121.528,2016-07-06,2
SHR,38.53188,-121.528,2016-07-18,1.74
SHR,38.53188,-121.528,2016-07-18,NA
SHR,38.53188,-121.528,2016-07-20,NA
SHR,38.53188,-121.528,2016-08-01,1.58
SHR,38.53188,-121.528,2016-11-18,NA
SHR,38.53188,-121.528,2016-11-29,1.65
SHR,38.53188,-121.528,2016-12-21,1.7
SHR,38.53188,-121.528,2017-07-18,3.58
SHR,38.53188,-121.528,2017-09-12,2.46
SHR,38.53188,-121.528,2017-09-19,2.71
SHR,38.53188,-121.528,2017-10-17,3.04
SHR,38.53188,-121.528,2018-07-12,2.33
STTD,38.35338,-121.643,2009-02-11,10
STTD,38.35338,-121.643,2009-02-27,5.45
STTD,38.35338,-121.643,2009-03-12,14.85
STTD,38.35338,-121.643,2009-03-25,11.85
STTD,38.35338,-121.643,2009-04-08,19.33
STTD,38.35338,-121.643,2009-04-23,53.83
STTD,38.35338,-121.643,2009-05-07,31.29
STTD,38.35338,-121.643,2009-06-03,8.65
STTD,38.35338,-121.643,2009-06-18,7.48
STTD,38.35338,-121.643,2010-01-06,2.45
STTD,38.35338,-121.643,2010-01-21,12.4
STTD,38.35338,-121.643,2010-02-03,3.51
STTD,38.35338,-121.643,2010-02-24,8.12
STTD,38.35338,-121.643,2010-03-17,10.15
STTD,38.35338,-121.643,2011-01-26,4.29
STTD,38.35338,-121.643,2011-02-23,3.93
STTD,38.35338,-121.643,2011-03-09,5.66
STTD,38.35338,-121.643,2011-03-29,6.17
STTD,38.35338,-121.643,2011-04-06,162.34
STTD,38.35338,-121.643,2011-04-13,16.4
STTD,38.35338,-121.643,2011-05-04,7.48
STTD,38.35338,-121.643,2011-05-19,23.7
STTD,38.35338,-121.643,2011-06-01,9.29
STTD,38.35338,-121.643,2011-06-15,12.6
STTD,38.35338,-121.643,2011-08-10,6.84
STTD,38.35338,-121.643,2011-08-24,6.84
STTD,38.35338,-121.643,2011-09-07,23.71
STTD,38.35338,-121.643,2011-09-20,12.1
STTD,38.35338,-121.643,2011-11-30,3.84
STTD,38.35338,-121.643,2011-12-29,8.53
STTD,38.35338,-121.643,2012-01-11,3.86
STTD,38.35338,-121.643,2012-02-08,7.05
STTD,38.35338,-121.643,2012-02-23,NA
STTD,38.35338,-121.643,2012-04-04,4.59
STTD,38.35338,-121.643,2012-05-31,3.9
STTD,38.35338,-121.643,2012-06-25,6.73
STTD,38.35338,-121.643,2012-07-25,9.29
STTD,38.35338,-121.643,2012-08-07,8.22
STTD,38.35338,-121.643,2012-08-21,7.05
STTD,38.35338,-121.643,2012-08-31,39.3
STTD,38.35338,-121.643,2012-09-04,11.2
STTD,38.35338,-121.643,2012-09-07,6.51
STTD,38.35338,-121.643,2012-09-11,6.51
STTD,38.35338,-121.643,2012-09-14,9.72
STTD,38.35338,-121.643,2012-09-17,12.3
STTD,38.35338,-121.643,2012-09-25,15
STTD,38.35338,-121.643,2012-11-13,7.26
STTD,38.35338,-121.643,2013-07-31,10.89
STTD,38.35338,-121.643,2013-07-31,NA
STTD,38.35338,-121.643,2013-08-06,6.51
STTD,38.35338,-121.643,2013-08-06,NA
STTD,38.35338,-121.643,2013-08-15,6.24
STTD,38.35338,-121.643,2013-08-26,10.1
STTD,38.35338,-121.643,2013-09-05,23.5
STTD,38.35338,-121.643,2013-09-12,25.42
STTD,38.35338,-121.643,2013-09-17,31.4
STTD,38.35338,-121.643,2013-09-23,20.08
STTD,38.35338,-121.643,2013-09-26,27.13
STTD,38.35338,-121.643,2013-10-01,14.95
STTD,38.35338,-121.643,2013-10-08,5.66
STTD,38.35338,-121.643,2013-10-22,4.7
STTD,38.35338,-121.643,2014-04-07,6.77
STTD,38.35338,-121.643,2014-06-09,5.85
STTD,38.35338,-121.643,2014-06-23,6.77
STTD,38.35338,-121.643,2014-11-05,6.88
STTD,38.35338,-121.643,2014-11-19,3.42
STTD,38.35338,-121.643,2014-12-04,0.94
STTD,38.35338,-121.643,2015-03-24,14.16
STTD,38.35338,-121.643,2015-04-30,5.45
STTD,38.35338,-121.643,2015-06-30,3.16
STTD,38.35338,-121.643,2015-07-28,8.83
STTD,38.35338,-121.643,2015-08-13,5.66
STTD,38.35338,-121.643,2015-08-27,15.17
STTD,38.35338,-121.643,2015-09-10,11.64
STTD,38.35338,-121.643,2015-09-21,7.65
STTD,38.35338,-121.643,2015-10-08,3.59
STTD,38.35338,-121.643,2015-10-19,3.05
STTD,38.35338,-121.643,2016-02-09,NA
STTD,38.35338,-121.643,2016-06-23,28.16
STTD,38.35338,-121.643,2016-07-28,16.44
STTD,38.35338,-121.643,2016-08-09,9.09
STTD,38.35338,-121.643,2016-08-25,11.73
STTD,38.35338,-121.643,2016-09-08,7.35
STTD,38.35338,-121.643,2016-11-28,13.84
STTD,38.35338,-121.643,2017-03-14,NA
STTD,38.35338,-121.643,2017-04-13,7.15
STTD,38.35338,-121.643,2017-05-16,45.14
STTD,38.35338,-121.643,2017-06-28,2.47
STTD,38.35338,-121.643,2017-07-06,5.05
STTD,38.35338,-121.643,2017-09-20,2.39
STTD,38.35338,-121.643,2017-10-19,1.18
STTD,38.35338,-121.643,2018-04-25,16.6
STTD,38.35338,-121.643,2018-06-12,0.93
