date,doy1998,dowy,month,water_year,inundation,inund_days,inund_factor,region,Q_sday,log_qsdy,WTmwk,chlorophyll,log_chla,station
1999-03-09,433,160,3,1999,1,29,long,downstream,78300,11.268302881978894,10.836904761904753,3.3,1.1939224684724346,657
1999-03-12,436,163,3,1999,1,32,long,downstream,65400,11.08827753744529,10.189285714285715,3.7,1.308332819650179,D22
1999-04-12,467,194,4,1999,0,0,none,downstream,27800,10.232791299678729,11.37615283267457,2.95,1.0818051703517284,D22
1999-05-07,492,219,5,1999,0,0,none,downstream,23200,10.0519075576544,15.3779761904762,4.8,1.5686159179138452,657
1999-05-11,496,223,5,1999,0,0,none,downstream,17000,9.740968623038354,15.90952380952383,2.76,1.0152306797290584,D22
1999-12-14,713,74,12,2000,0,0,none,downstream,14600,9.588776807696428,9.374684649479189,1.2,0.1823215567939546,657
1999-12-17,716,77,12,2000,0,0,none,downstream,10500,9.259130536145614,9.013609508201236,1.3,0.26236426446749106,D22
2000-01-11,741,103,1,2000,0,0,none,downstream,8570,9.056023011591826,8.476839826839825,2.1,0.7419373447293773,657
2000-02-08,769,131,2,2000,0,0,none,downstream,30100,10.312280450736967,10.364130434782615,1.5,0.4054651081081644,657
2000-02-16,777,139,2,2000,1,3,short,downstream,79500,11.283512300642423,10.965527950310571,1.78,0.5766133643039938,D22
2000-03-07,797,159,3,2000,1,23,long,downstream,110000,11.608235644774552,11.253372234720672,1.7,0.5306282510621704,657
2000-03-15,805,167,3,2000,1,31,long,downstream,82500,11.320553572322773,11.671428571428585,2.69,0.9895411936137477,D22
2000-04-04,825,187,4,2000,0,0,none,downstream,21700,9.98506753952855,14.690360999835471,3.3,1.1939224684724346,657
2000-04-13,834,196,4,2000,0,0,none,downstream,22600,10.025705185260378,16.500327028044413,3.51,1.2556160374777743,D22
2000-05-15,866,228,5,2000,0,0,none,downstream,11500,9.350102314351341,16.198044217687098,2.54,0.9321640810304452,D22
2000-05-16,867,229,5,2000,0,0,none,downstream,13100,9.480367509189243,16.2855442176871,1.9,0.6418538861723947,657
2000-12-06,1071,67,12,2001,0,0,none,downstream,8240,9.016755622903517,10.235404448458757,1.75,0.5596157879354227,D22
2000-12-12,1077,73,12,2001,0,0,none,downstream,8440,9.040737587590003,10.363104195893143,1.4,0.3364722366212129,657
2001-01-05,1101,97,1,2001,0,0,none,downstream,6130,8.720950028930258,8.539880952380951,1.21,0.1906203596086497,D22
2001-02-05,1132,128,2,2001,0,0,none,downstream,9290,9.136693831807884,8.036904761904763,1.24,0.2151113796169455,D22
2001-02-06,1133,129,2,2001,0,0,none,downstream,11100,9.314700387300425,8.232738095238096,1.9,0.6418538861723947,657
2001-02-26,1153,149,2,2001,0,0,none,downstream,31100,10.344963098167325,9.895238095238101,1.8,0.5877866649021191,657
2001-03-19,1174,170,3,2001,0,0,none,downstream,16200,9.692766521220475,13.856645717712528,2.29,0.8285518175661483,D22
2001-03-27,1182,178,3,2001,0,0,none,downstream,12800,9.457200449907708,16.07712344322094,2.4,0.8754687373538999,657
2001-04-17,1203,199,4,2001,0,0,none,downstream,7490,8.921324076511265,14.321325051759842,2.81,1.0331844833456545,D22
2001-04-24,1210,206,4,2001,0,0,none,downstream,7440,8.914626127827137,15.832142857142857,3.7,1.308332819650179,657
2001-05-17,1233,229,5,2001,0,0,none,downstream,9480,9.156939595249067,20.470833333333328,6.53,1.8764069432883397,D22
2001-12-10,1440,70,12,2002,0,0,none,downstream,21200,9.961756460660103,9.729122807017541,1.61,0.4762341789963717,D22
2002-01-09,1470,101,1,2002,1,6,short,downstream,65400,11.08827753744529,11.109642857142857,1.37,0.3148107398400336,D22
2002-01-22,1483,114,1,2002,0,0,none,downstream,23800,10.077440859659566,8.317857142857141,5.9,1.7749523509116738,657
2002-02-07,1499,130,2,2002,0,0,none,downstream,13600,9.517825071724143,7.810707227555054,1.86,0.62057648772511,D22
2002-03-07,1527,158,3,2002,0,0,none,downstream,18400,9.820105943597078,12.233928571428557,1.14,0.131028262406404,D22
2002-03-19,1539,170,3,2002,0,0,none,downstream,16200,9.692766521220475,11.223651891586657,5.7,1.7404661748405046,657
2002-04-08,1559,190,4,2002,0,0,none,downstream,14400,9.574983485564092,16.38722083299723,6.02,1.7950872593207297,D22
2002-04-16,1567,198,4,2002,0,0,none,downstream,13400,9.503009985939002,16.80416666666667,12,2.4849066497880004,657
2002-05-06,1587,218,5,2002,0,0,none,downstream,10500,9.259130536145614,16.17142857142857,6.42,1.8594181177018698,D22
2002-05-07,1588,219,5,2002,0,0,none,downstream,9650,9.174713194333032,16.285714285714285,8.9,2.186051276738094,657
2002-12-10,1805,70,12,2003,0,0,none,downstream,12400,9.425451751593128,11.282142857142857,2.3,0.8329091229351039,657
2002-12-12,1807,72,12,2003,0,0,none,downstream,8460,9.04310445260027,11.147023809523814,2.13,0.7561219797213337,D22
2003-01-07,1833,99,1,2003,1,8,short,downstream,54300,10.902279505922026,9.260714285714286,0.9,-0.10536051565782628,657
2003-01-13,1839,105,1,2003,1,14,short,downstream,36400,10.502324053624832,9.865910804504177,0.94,-0.06187540371808753,D22
2003-02-10,1867,133,2,2003,0,0,none,downstream,21200,9.961756460660103,9.841045548654233,1.48,0.3920420877760237,D22
2003-02-19,1876,142,2,2003,0,0,none,downstream,37400,10.529425983402623,10.307142857142857,2.3,0.8329091229351039,657
2003-03-13,1898,164,3,2003,0,0,none,downstream,10800,9.287301413112312,13.017261904761915,3.79,1.332366019094335,D22
2003-04-11,1927,193,4,2003,0,0,none,downstream,12500,9.433483923290392,14.725432900432915,4.07,1.4036429994545037,D22
2003-05-12,1958,224,5,2003,0,0,none,downstream,43600,10.682812429337126,15.232375776397529,4.29,1.4562867329399256,D22
2003-12-16,2176,76,12,2004,0,0,none,downstream,30100,10.312280450736967,10.797023809523814,1.7,0.5306282510621704,657
2003-12-18,2178,78,12,2004,0,0,none,downstream,27300,10.21464198117305,10.334848484848486,1.32,0.27763173659827955,D22
2004-01-13,2204,105,1,2004,1,12,short,downstream,44400,10.700994748420316,8.536904761904763,1.2,0.1823215567939546,657
2004-01-22,2213,114,1,2004,0,0,none,downstream,22200,10.00784756786037,9.528959627329193,1.48,0.3920420877760237,D22
2004-02-10,2232,133,2,2004,0,0,none,downstream,24100,10.089967119478747,9.098809523809525,1.8,0.5877866649021191,657
2004-02-19,2241,142,2,2004,1,1,short,downstream,50300,10.82576035608783,10.291666666666671,1.38,0.3220834991691132,D22
2004-03-09,2260,161,3,2004,1,20,short,downstream,78100,11.265745335827777,11.5517857142857,5.1,1.62924053973028,657
2004-03-17,2268,169,3,2004,0,0,none,downstream,35300,10.471638242921388,15.391666666666671,6.84,1.922787731634459,D22
2004-04-14,2296,197,4,2004,0,0,none,downstream,28500,10.257659366256743,15.6952380952381,3.3,1.1939224684724346,D22
2004-04-20,2302,203,4,2004,0,0,none,downstream,18100,9.803667217253917,15.005978260869572,3,1.0986122886681098,657
2004-05-13,2325,226,5,2004,0,0,none,downstream,11100,9.314700387300425,19.6917960662526,2.58,0.9477893989335261,D22
2004-12-14,2540,75,12,2005,0,0,none,downstream,18100,9.803667217253917,9.907142857142862,2.1,0.7419373447293773,657
2004-12-21,2547,82,12,2005,0,0,none,downstream,11000,9.305650551780507,10.720962732919272,0.19,-1.6607312068216509,D22
2005-01-11,2568,103,1,2005,0,0,none,downstream,38600,10.561007555452923,8.579761904761906,1.1,0.09531017980432493,657
2005-01-20,2577,112,1,2005,0,0,none,downstream,23700,10.073230327123223,7.9434523809523805,1.05,0.04879016416943205,D22
2005-02-17,2605,140,2,2005,0,0,none,downstream,17100,9.746833742490752,11.285455486542428,0.93,-0.07257069283483537,D22
2005-02-23,2611,146,2,2005,0,0,none,downstream,31300,10.351373376528244,12.005952380952385,1.9,0.6418538861723947,657
2005-03-22,2638,173,3,2005,0,0,none,downstream,22800,10.034515814942532,14.949404761904757,1.74,0.5538851132264376,D22
2005-03-22,2638,173,3,2005,0,0,none,downstream,22800,10.034515814942532,14.949404761904757,3.3,1.1939224684724346,657
2005-04-12,2659,194,4,2005,0,0,none,downstream,51600,10.851276951469654,14.794642857142858,4,1.3862943611198906,657
2005-04-19,2666,201,4,2005,0,0,none,downstream,13400,9.503009985939002,15.331547619047614,1.69,0.5247285289349821,D22
2005-05-10,2687,222,5,2005,0,0,none,downstream,25100,10.130623125119875,17.875595238095244,2.8,1.0296194171811581,657
2005-12-22,2913,82,12,2006,0,0,none,downstream,37200,10.524064040261237,9.426587301587302,0.95,-0.05129329438755058,D22
2006-01-10,2932,102,1,2006,1,18,short,downstream,157000,11.964001084330445,10.388095238095257,1,0,657
2006-01-24,2946,116,1,2006,1,32,long,downstream,64000,11.06663836234181,9.353192640692642,3.6,1.2809338454620642,D22
2006-02-14,2967,137,2,2006,0,0,none,downstream,36700,10.510532034042662,10.932142857142857,4.2,1.4350845252893227,657
2006-02-22,2975,145,2,2006,0,0,none,downstream,16200,9.692766521220475,10.218892339544519,3.02,1.1052568313867783,D22
2006-03-15,2996,166,3,2006,1,15,short,downstream,75200,11.227906509937931,9.847619047619048,3.1,1.1314021114911006,657
2006-03-23,3004,174,3,2006,1,23,long,downstream,56700,10.945529489715843,10.672619047619058,7.9,2.066862759472976,D22
2006-04-11,3023,193,4,2006,1,42,long,downstream,123000,11.719939634354555,12.3809523809524,3.7,1.308332819650179,657
2006-04-24,3036,206,4,2006,1,55,long,downstream,84000,11.33857207782545,14.254166666666658,4.49,1.501852701754163,D22
2006-12-12,3268,72,12,2007,0,0,none,downstream,7880,8.972083182851925,9.420393374741202,1.09,0.08617769624105241,D22
2006-12-12,3268,72,12,2007,0,0,none,downstream,7880,8.972083182851925,9.420393374741202,2.6,0.9555114450274363,657
2007-01-09,3296,101,1,2007,0,0,none,downstream,7800,8.961879012677683,7.70595238095238,2.1,0.7419373447293773,657
2007-01-16,3303,108,1,2007,0,0,none,downstream,5000,8.517193191416238,7.03154761904762,1.2,0.1823215567939546,D22
2007-02-06,3324,129,2,2007,0,0,none,downstream,7130,8.872066513408342,8.798214285714284,4.6,1.5260563034950492,657
2007-02-14,3332,137,2,2007,0,0,none,downstream,30500,10.325481962595504,10.714285714285719,2.29,0.8285518175661483,D22
2007-03-06,3352,157,3,2007,0,0,none,downstream,18000,9.798127036878302,9.903571428571432,2.3,0.8329091229351039,657
2007-03-13,3359,164,3,2007,0,0,none,downstream,8980,9.102755161296246,12.695574534161485,1.35,0.30010459245033816,D22
2007-04-03,3380,185,4,2007,0,0,none,downstream,9530,9.162199996648248,15.197619047619042,2.4,0.8754687373538999,657
2007-04-12,3389,194,4,2007,0,0,none,downstream,9900,9.20029003612268,16.598731884057987,2.22,0.7975071958841882,D22
2007-05-10,3417,222,5,2007,0,0,none,downstream,6200,8.732304571033183,18.602380952380972,1.69,0.5247285289349821,D22
2007-12-11,3632,71,12,2008,0,0,none,downstream,5870,8.677609912822142,10.104296066252585,1.2,0.1823215567939546,657
2007-12-17,3638,77,12,2008,0,0,none,downstream,6340,8.754634047431272,9.009863945578232,2.05,0.7178397931503168,D22
2008-01-16,3668,108,1,2008,0,0,none,downstream,9790,9.189116735524555,8.06901098901099,1.19,0.17395330712343798,D22
2008-02-15,3698,138,2,2008,0,0,none,downstream,12100,9.400960731584833,9.525595238095233,1.87,0.6259384308664954,D22
2008-03-11,3723,163,3,2008,0,0,none,downstream,9430,9.151651375627504,12.510876623376628,1.4,0.3364722366212129,657
2008-03-14,3726,166,3,2008,0,0,none,downstream,8730,9.074520648833648,13.001352813852813,0.53,-0.6348782724359695,D22
2008-04-14,3757,197,4,2008,0,0,none,downstream,8830,9.085910293598007,15.448214285714286,11,2.3978952727983707,D22
2008-05-06,3779,219,5,2008,0,0,none,downstream,5090,8.53503310954457,17.314285714285713,2.8,1.0296194171811581,657
2008-05-12,3785,225,5,2008,0,0,none,downstream,6770,8.820256365906321,18.09642857142857,5.45,1.6956156086751528,D22
2008-12-05,3992,66,12,2009,0,0,none,downstream,4030,8.301521654940728,12.623809523809529,2.31,0.8372475245337022,D22
2008-12-16,4003,77,12,2009,0,0,none,downstream,8240,9.016755622903517,10.095833333333337,1.9,0.6418538861723947,657
2009-01-13,4031,105,1,2009,0,0,none,downstream,5780,8.662158961666423,7.701190476190476,2.8,1.0296194171811581,657
2009-01-16,4034,108,1,2009,0,0,none,downstream,5430,8.599694412927981,7.821428571428573,2.95,1.0818051703517284,D22
2009-02-10,4059,133,2,2009,0,0,none,downstream,9000,9.104979856318357,10.395238095238085,2.7,0.9932517730102834,657
2009-02-11,4060,134,2,2009,0,0,none,upstream,9400,9.148464968258095,10.716329365079352,3.37,1.2149127443642704,SHR
2009-02-11,4060,134,2,2009,0,0,none,yolo,54,3.9889840465642745,10.916980050447142,10,2.302585092994046,STTD
2009-02-19,4068,142,2,2009,0,0,none,downstream,27400,10.218298292376161,9.596428571428575,2.44,0.8919980393051105,D22
2009-02-27,4076,150,2,2009,0,0,none,upstream,38500,10.558413520275876,11.287380952380968,2.61,0.959350221334602,SHR
2009-02-27,4076,150,2,2009,0,0,none,yolo,2658,7.885329239273191,12.649277244922185,5.45,1.6956156086751528,STTD
2009-03-12,4089,163,3,2009,0,0,none,upstream,18900,9.846917201047734,11.614360766045543,4.37,1.4747630091074988,SHR
2009-03-12,4089,163,3,2009,0,0,none,yolo,118,4.770684624465665,12.752995391705072,14.85,2.6979998652487085,STTD
2009-03-12,4089,163,3,2009,0,0,none,downstream,14900,9.60911649193355,11.64063852813853,1.7,0.5306282510621704,657
2009-03-20,4097,171,3,2009,0,0,none,downstream,9360,9.144200569471638,13.1547619047619,0.97,-0.030459207484708574,D22
2009-03-25,4102,176,3,2009,0,0,none,upstream,12200,9.409191230721348,14.131488095238087,3.18,1.1568811967920856,SHR
2009-03-25,4102,176,3,2009,0,0,none,yolo,136,4.912654885736052,15.706866359447,11.85,2.47232786758114,STTD
2009-04-08,4116,190,4,2009,0,0,none,upstream,12400,9.425451751593128,14.902394459706958,3.7,1.308332819650179,SHR
2009-04-08,4116,190,4,2009,0,0,none,yolo,450,6.1092475827643655,16.279323289889756,19.33,2.9616582932202395,STTD
2009-04-16,4124,198,4,2009,0,0,none,downstream,11500,9.350102314351341,14.945833333333344,1.9,0.6418538861723947,657
2009-04-17,4125,199,4,2009,0,0,none,downstream,10400,9.249561085129464,14.954761904761915,1.41,0.34358970439007686,D22
2009-04-23,4131,205,4,2009,0,0,none,upstream,9980,9.20833836930551,17.177351190476188,4.58,1.5216989981260935,SHR
2009-04-23,4131,205,4,2009,0,0,none,yolo,428,6.059123195581797,19.9435617630943,53.83,3.985830932572866,STTD
2009-05-07,4145,219,5,2009,0,0,none,upstream,28100,10.243524855321837,15.057350563909758,3.48,1.247032293786383,SHR
2009-05-07,4145,219,5,2009,0,0,none,yolo,282,5.641907070938114,18.127902450890957,31.29,3.443298557680791,STTD
2009-12-10,4362,70,12,2010,0,0,none,downstream,2090,7.644919344958857,9.36547619047619,2.63,0.9669838461896731,D22
2010-01-05,4388,97,1,2010,0,0,none,downstream,10000,9.210340371976184,8.717420634920636,1.6,0.47000362924573563,657
2010-01-06,4389,98,1,2010,0,0,none,upstream,10800,9.287301413112312,8.534578823647273,2.21,0.7929925155296614,SHR
2010-01-06,4389,98,1,2010,0,0,none,yolo,101,4.61512051684126,9.004428571428573,2.45,0.8960880245566357,STTD
2010-01-08,4391,100,1,2010,0,0,none,downstream,6740,8.815815203906352,8.946428571428571,1.41,0.34358970439007686,D22
2010-01-13,4396,105,1,2010,0,0,none,upstream,10400,9.249561085129464,7.721011904761904,1.9,0.6418538861723947,SHR
2010-01-13,4396,105,1,2010,0,0,none,yolo,106,4.663439094112067,9.782137066198743,1.77,0.5709795465857378,STTD
2010-01-21,4404,113,1,2010,0,0,none,upstream,41000,10.621327345686446,9.944523809523805,5.23,1.6544112780768316,SHR
2010-01-21,4404,113,1,2010,0,0,none,yolo,4473,8.405814603432848,10.00193011587837,12.4,2.517696472610991,STTD
2010-01-26,4409,118,1,2010,1,4,short,upstream,50300,10.82576035608783,9.138080357142858,1.35,0.30010459245033816,SHR
2010-01-26,4409,118,1,2010,1,4,short,yolo,5873,8.67812085552252,8.794304112479848,2.09,0.7371640659767196,STTD
2010-02-03,4417,126,2,2010,1,12,short,upstream,29100,10.278493453159584,8.891294642857144,1.9,0.6418538861723947,SHR
2010-02-03,4417,126,2,2010,1,12,short,yolo,5313,8.577911926450943,10.260307032512,3.51,1.2556160374777743,STTD
2010-02-08,4422,131,2,2010,1,17,short,downstream,29100,10.278493453159584,10.647023809523828,1.47,0.3852624007906449,D22
2010-02-10,4424,133,2,2010,1,19,short,upstream,36600,10.507803519389457,10.413688218340935,1.98,0.6830968447064438,SHR
2010-02-10,4424,133,2,2010,1,19,short,yolo,4578,8.429017500512511,11.536646755140985,4.49,1.501852701754163,STTD
2010-02-17,4431,140,2,2010,0,0,none,upstream,22900,10.03889218954233,11.363510971531872,2.74,1.007957920399979,SHR
2010-02-17,4431,140,2,2010,0,0,none,yolo,2767,7.925518979786926,13.430237091187143,12.2,2.501435951739211,STTD
2010-02-23,4437,146,2,2010,0,0,none,downstream,11200,9.323669057283185,12.905357142857143,2.8,1.0296194171811581,657
2010-02-24,4438,147,2,2010,0,0,none,upstream,18200,9.809176873064887,12.5523706096451,3.01,1.1019400787607843,SHR
2010-02-24,4438,147,2,2010,0,0,none,yolo,154,5.0369526024136295,13.508262983517357,8.12,2.0943301541735866,STTD
2010-03-03,4445,154,3,2010,0,0,none,upstream,25600,10.150347630467653,11.459443704706315,1.76,0.5653138090500605,SHR
2010-03-03,4445,154,3,2010,0,0,none,yolo,1931,7.565793282428515,12.641428571428571,5.51,1.706564623164823,STTD
2010-03-10,4452,161,3,2010,0,0,none,downstream,15600,9.655026193237628,11.747851966873714,0.8,-0.2231435513142097,D22
2010-03-17,4459,168,3,2010,0,0,none,upstream,15800,9.667765219015058,12.026449561403515,1.87,0.6259384308664954,SHR
2010-03-17,4459,168,3,2010,0,0,none,yolo,104,4.6443908991413725,13.382857142857157,10.15,2.3174737054877963,STTD
2010-03-30,4472,181,3,2010,0,0,none,upstream,11900,9.38429367909962,14.765997023809529,2.88,1.0577902941478545,SHR
2010-03-30,4472,181,3,2010,0,0,none,downstream,8090,8.998384010052538,15.244927536231872,1.8,0.5877866649021191,657
2010-04-07,4480,189,4,2010,0,0,none,downstream,9660,9.175748927206564,13.8970238095238,1.74,0.5538851132264376,D22
2010-04-12,4485,194,4,2010,0,0,none,upstream,12700,9.449357272446683,13.4640476190476,2.95,1.0818051703517284,SHR
2010-04-12,4485,194,4,2010,0,0,none,yolo,179,5.187385805840755,13.891428571428571,16.1,2.7788192719904172,STTD
2010-04-13,4486,195,4,2010,0,0,none,downstream,14300,9.568014816247999,13.6404761904762,1.5,0.4054651081081644,657
2010-04-28,4501,210,4,2010,0,0,none,upstream,18000,9.798127036878302,15.966235119047615,11.53,2.4449523342809676,SHR
2010-04-28,4501,210,4,2010,0,0,none,yolo,182,5.204006687076795,17.441979783790828,3.61,1.2837077723447896,STTD
2010-05-07,4510,219,5,2010,0,0,none,downstream,13300,9.495519314209846,16.079761904761884,4.38,1.4770487243883548,D22
2010-05-13,4516,225,5,2010,0,0,none,upstream,11200,9.323669057283185,15.709508928571429,1.8,0.5877866649021191,SHR
2010-05-13,4516,225,5,2010,0,0,none,yolo,438,6.082218910376446,17.909460422579613,26.06,3.260401571696699,STTD
2010-12-15,4732,75,12,2011,0,0,none,downstream,27500,10.221941283654663,11.589285714285714,0.94,-0.06187540371808753,D22
2010-12-16,4733,76,12,2011,0,0,none,downstream,32500,10.388995368317829,11.607142857142858,2.6,0.9555114450274363,657
2011-01-11,4759,103,1,2011,0,0,none,downstream,25700,10.154246270883311,7.692261904761906,1.4,0.3364722366212129,657
2011-01-12,4760,104,1,2011,0,0,none,upstream,27900,10.236381967809457,7.89608630952381,1.05,0.04879016416943205,SHR
2011-01-12,4760,104,1,2011,0,0,none,yolo,1746,7.465082736399547,6.803700940529948,3.17,1.1537315878891892,STTD
2011-01-14,4762,106,1,2011,0,0,none,downstream,19700,9.88837391472608,7.557142857142857,1.05,0.04879016416943205,D22
2011-01-26,4774,118,1,2011,0,0,none,upstream,19600,9.883284845218608,9.773229166666667,2.17,0.7747271675523681,SHR
2011-01-26,4774,118,1,2011,0,0,none,yolo,94,4.543294782270004,10.492390735558443,4.29,1.4562867329399256,STTD
2011-02-09,4788,132,2,2011,0,0,none,upstream,15700,9.6614159913364,9.960520833333334,3.2,1.1631508098056809,SHR
2011-02-09,4788,132,2,2011,0,0,none,yolo,94,4.543294782270004,10.262058371735783,4.25,1.4469189829363254,STTD
2011-02-09,4788,132,2,2011,0,0,none,downstream,9300,9.137769679141348,9.658333333333339,2.3,0.8329091229351039,657
2011-02-14,4793,137,2,2011,0,0,none,downstream,8660,9.06647000155648,10.097619047619053,1.86,0.62057648772511,D22
2011-02-23,4802,146,2,2011,0,0,none,upstream,26600,10.188666494769791,8.771339285714285,1.86,0.62057648772511,SHR
2011-02-23,4802,146,2,2011,0,0,none,yolo,1954,7.577633832602728,9.501721030613771,3.93,1.3686394258811698,STTD
2011-03-09,4816,160,3,2011,0,0,none,upstream,33000,10.404262840448617,10.812559523809524,2.35,0.8544153281560676,SHR
2011-03-09,4816,160,3,2011,0,0,none,yolo,2379,7.774435510302958,13.013133640553,5.66,1.7334238922150915,STTD
2011-03-14,4821,165,3,2011,0,0,none,downstream,27000,10.203592144986466,11.889015151515142,1.91,0.6471032420585384,D22
2011-03-29,4836,180,3,2011,1,13,short,upstream,64300,11.071314910225711,9.470788690476194,1.85,0.6151856390902335,SHR
2011-03-29,4836,180,3,2011,1,13,short,yolo,58524,10.977192205498053,10.820850481129172,6.17,1.8196988379172965,STTD
2011-03-29,4836,180,3,2011,1,13,short,downstream,149000,11.911701584927597,10.0875,2,0.6931471805599453,657
2011-04-06,4844,188,4,2011,1,21,short,upstream,60000,11.002099841204238,12.95290413533833,4.66,1.5390154481375546,SHR
2011-04-13,4851,195,4,2011,0,0,none,upstream,43800,10.687389096364537,12.5774255952381,4.17,1.4279160358107101,SHR
2011-04-13,4851,195,4,2011,0,0,none,yolo,3543,8.172729104865471,15.076742876221985,16.4,2.797281334830153,STTD
2011-04-13,4851,195,4,2011,0,0,none,downstream,47200,10.762149171573647,13.130952380952372,9.29,2.2289385528257473,D22
2011-04-19,4857,201,4,2011,0,0,none,downstream,30900,10.338511462885837,14.052976190476185,6.2,1.824549292051046,657
2011-04-22,4860,204,4,2011,0,0,none,upstream,37700,10.537415373436103,14.016741071428557,3.18,1.1568811967920856,SHR
2011-04-22,4860,204,4,2011,0,0,none,yolo,1385,7.233455418621439,18.574891774891785,10.15,2.3174737054877963,STTD
2011-05-04,4872,216,5,2011,0,0,none,upstream,26700,10.19241884438834,14.001220238095243,2.57,0.9439058989071284,SHR
2011-05-04,4872,216,5,2011,0,0,none,yolo,471,6.154858094016418,18.198963133640543,7.48,2.012232791986386,STTD
2011-05-12,4880,224,5,2011,0,0,none,downstream,26300,10.177324218165856,15.684523809523814,4.74,1.556037135706985,D22
2011-12-14,5096,74,12,2012,0,0,none,upstream,15200,9.629050706834368,9.00096726190476,1.99,0.688134638736401,SHR
2011-12-14,5096,74,12,2012,0,0,none,yolo,96,4.564348191467836,7.516966904063678,4.33,1.4655675420143985,STTD
2011-12-19,5101,79,12,2012,0,0,none,downstream,14800,9.6023824597522065,8.593129251700681,1.37,0.3148107398400336,D22
2011-12-29,5111,89,12,2012,0,0,none,upstream,10700,9.277999020449997,7.623988095238095,4.29,1.4562867329399256,SHR
2011-12-29,5111,89,12,2012,0,0,none,yolo,65,4.174387269895637,6.434914889160124,8.53,2.1435893615035875,STTD
2012-01-10,5123,102,1,2012,0,0,none,downstream,10200,9.230142999272362,8.949404761904763,2.5,0.9162907318741551,657
2012-01-11,5124,103,1,2012,0,0,none,upstream,11200,9.323669057283185,9.034776785714286,4.18,1.430311246536665,SHR
2012-01-11,5124,103,1,2012,0,0,none,yolo,89,4.48863636973214,8.827478732447675,3.86,1.3506671834767394,STTD
2012-01-19,5132,111,1,2012,0,0,none,downstream,8810,9.083642718930225,8.465476190476192,1.79,0.5822156198526637,D22
2012-01-24,5137,116,1,2012,0,0,none,upstream,26400,10.181119289134408,7.998735119047619,5.98,1.7884205679625405,SHR
2012-01-24,5137,116,1,2012,0,0,none,yolo,82,4.406719247264253,7.771880662462853,5.98,1.7884205679625405,STTD
2012-02-08,5152,131,2,2012,0,0,none,upstream,13500,9.51044496442652,10.234851190476187,3.64,1.2919836816486494,SHR
2012-02-08,5152,131,2,2012,0,0,none,yolo,96,4.564348191467836,10.886943164362515,7.05,1.9530276168241774,STTD
2012-02-15,5159,138,2,2012,0,0,none,downstream,14000,9.546812608597396,10.988690476190486,2.21,0.7929925155296614,D22
2012-02-23,5167,146,2,2012,0,0,none,upstream,11900,9.38429367909962,10.884955357142871,6.19,1.8229350866965048,SHR
2012-03-07,5180,159,3,2012,0,0,none,upstream,10300,9.239899174217728,11.241964285714285,4.93,1.5953389880545987,SHR
2012-03-07,5180,159,3,2012,0,0,none,yolo,204,5.318119993844216,11.88405766276733,15.38,2.733067964077498,STTD
2012-03-16,5189,168,3,2012,0,0,none,downstream,21000,9.95227771670556,12.178950216450229,1.63,0.4885800148186709,D22
2012-03-20,5193,172,3,2012,0,0,none,downstream,34200,10.439980923050696,12.039880952380956,2.7,0.9932517730102834,657
2012-03-22,5195,174,3,2012,0,0,none,upstream,21800,9.98966524877718,11.5863988095238,2.3,0.8329091229351039,SHR
2012-03-22,5195,174,3,2012,0,0,none,yolo,142,4.955827057601261,13.442857142857143,3.65,1.2947271675944,STTD
2012-04-04,5208,187,4,2012,0,0,none,upstream,27000,10.203592144986466,12.309915726817028,1.92,0.6523251860396901,SHR
2012-04-04,5208,187,4,2012,0,0,none,yolo,150,5.0106352940962555,14.495391705069114,4.59,1.5238800240724537,STTD
2012-04-11,5215,194,4,2012,0,0,none,downstream,17300,9.75846178048587,13.641946640316187,1.3,0.26236426446749106,657
2012-04-13,5217,196,4,2012,0,0,none,downstream,24100,10.089967119478747,13.916351402220943,1.4,0.3364722366212129,D22
2012-04-16,5220,199,4,2012,0,0,none,upstream,31300,10.351373376528244,13.411944124423957,2.35,0.8544153281560676,SHR
2012-04-16,5220,199,4,2012,0,0,none,yolo,158,5.062595033026967,16.02331716953443,7.8,2.0541237336955462,STTD
2012-05-02,5236,215,5,2012,0,0,none,upstream,18000,9.798127036878302,17.309293238217485,2.96,1.085189268335969,SHR
2012-05-02,5236,215,5,2012,0,0,none,yolo,335,5.814130531825066,21.461109282422644,10.79,2.378619779270043,STTD
2012-05-14,5248,227,5,2012,0,0,none,downstream,12100,9.400960731584833,18.283333333333314,2.32,0.8415671856782185,D22
2012-12-04,5452,65,12,2013,1,1,short,downstream,55100,10.916904995141007,13.196428571428571,2.4,0.8754687373538999,657
2012-12-06,5454,67,12,2013,1,1,short,downstream,54600,10.907789161732996,13.2047619047619,4.69999980926514,1.5475624681341271,16
2012-12-06,5454,67,12,2013,1,1,short,downstream,54600,10.907789161732996,13.2047619047619,5.69999980926514,1.7404661413782478,34
2012-12-10,5458,71,12,2013,1,5,short,downstream,42600,10.659609532257463,12.8059523809524,0.93,-0.07257069283483537,D22
2012-12-12,5460,73,12,2013,0,0,none,upstream,31100,10.344963098167325,11.713497023809515,1.48,0.3920420877760237,SHR
2012-12-12,5460,73,12,2013,0,0,none,yolo,3812,8.245909264774093,12.053429800013642,4.04,1.3962446919730587,STTD
2012-12-27,5475,88,12,2013,1,4,short,upstream,61900,11.033275458672687,8.452812500000002,2.44,0.8919980393051105,SHR
2012-12-27,5475,88,12,2013,1,4,short,yolo,15596,9.6547697501024885,7.819074052989628,2.95,1.0818051703517284,STTD
2013-01-03,5482,95,1,2013,0,0,none,upstream,29000,10.275051108968611,7.662247023809524,1.19,0.17395330712343798,SHR
2013-01-03,5482,95,1,2013,0,0,none,yolo,3097,8.038189179973203,6.8285433812778615,1.72,0.5423242908253617,STTD
2013-01-08,5487,100,1,2013,0,0,none,upstream,20500,9.9281801651265,7.490863095238096,1.23,0.20701416938432612,SHR
2013-01-08,5487,100,1,2013,0,0,none,yolo,86,4.454347296253507,7.0529761904761905,4.71,1.5496879080283263,STTD
2013-01-15,5494,107,1,2013,0,0,none,downstream,19700,9.88837391472608,7.473214285714285,2,0.6931471805599453,657
2013-01-18,5497,110,1,2013,0,0,none,upstream,16000,9.680344001221918,6.7755357142857155,1.32,0.27763173659827955,SHR
2013-01-18,5497,110,1,2013,0,0,none,yolo,96,4.564348191467836,5.886309523809522,4.84,1.5769147207285403,STTD
2013-01-22,5501,114,1,2013,0,0,none,downstream,14000,9.546812608597396,6.893015873015873,1.24,0.2151113796169455,D22
2013-01-24,5503,116,1,2013,0,0,none,upstream,15000,9.615805480084347,7.593377976190476,1.76,0.5653138090500605,SHR
2013-01-24,5503,116,1,2013,0,0,none,yolo,94,4.543294782270004,7.5285714285714285,6.62,1.890095369948917,STTD
2013-01-24,5503,116,1,2013,0,0,none,downstream,15500,9.648595302907339,7.23670634920635,2.69999992847442,0.9932517465193275,16
2013-01-24,5503,116,1,2013,0,0,none,downstream,15500,9.648595302907339,7.23670634920635,3.09999990463257,1.131402080727413,34
2013-01-30,5509,122,1,2013,0,0,none,upstream,17000,9.740968623038354,9.364627976190476,1.7,0.5306282510621704,SHR
2013-01-30,5509,122,1,2013,0,0,none,yolo,91,4.51085950651685,10.6357142857143,7.37,1.9974177062012453,STTD
2013-02-08,5518,131,2,2013,0,0,none,upstream,15300,9.635608107380527,9.880416666666678,2.48,0.9082585601768908,SHR
2013-02-08,5518,131,2,2013,0,0,none,yolo,147,4.990432586778736,11.379761904761885,5.98,1.7884205679625405,STTD
2013-02-13,5523,136,2,2013,0,0,none,upstream,13700,9.525151111816216,9.61572916666667,2.8,1.0296194171811581,SHR
2013-02-13,5523,136,2,2013,0,0,none,yolo,101,4.61512051684126,10.472619047619032,5.55,1.713797927758343,STTD
2013-02-20,5530,143,2,2013,0,0,none,downstream,14800,9.6023824597522065,10.592857142857158,2.5,0.9162907318741551,16
2013-02-20,5530,143,2,2013,0,0,none,downstream,14800,9.6023824597522065,10.592857142857158,4.29999971389771,1.4586149561640984,34
2013-02-21,5531,144,2,2013,0,0,none,downstream,13400,9.503009985939002,10.701785714285728,1.34,0.29266961396282004,D22
2013-02-22,5532,145,2,2013,0,0,none,upstream,12200,9.409191230721348,10.505595238095253,2.31,0.8372475245337022,SHR
2013-02-22,5532,145,2,2013,0,0,none,yolo,95,4.553876891600541,11.614285714285714,5.98,1.7884205679625405,STTD
2013-02-26,5536,149,2,2013,0,0,none,downstream,10200,9.230142999272362,10.672619047619056,2.3,0.8329091229351039,657
2013-02-27,5537,150,2,2013,0,0,none,upstream,11400,9.341368634382587,10.177366071428581,2.29,0.8285518175661483,SHR
2013-02-27,5537,150,2,2013,0,0,none,yolo,137,4.919980925828125,11.073809523809528,13.03,2.567254391136754,STTD
2013-03-06,5544,157,3,2013,0,0,none,upstream,10900,9.296518068217235,12.310357142857143,2.79,1.0260415958332743,SHR
2013-03-06,5544,157,3,2013,0,0,none,yolo,234,5.455321115357702,13.810119047619029,24.99,3.218475744846861,LIS
2013-03-06,5544,157,3,2013,0,0,none,yolo,234,5.455321115357702,13.810119047619029,13.56,2.6071242825122494,STTD
2013-03-13,5551,164,3,2013,0,0,none,upstream,14100,9.55393007636626,12.880148809523828,2.6,0.9555114450274363,SHR
2013-03-13,5551,164,3,2013,0,0,none,yolo,420,6.040254711277414,14.775698757763971,33.96,3.5251833614431467,LIS
2013-03-13,5551,164,3,2013,0,0,none,yolo,420,6.040254711277414,14.775698757763971,21.47,3.0666566118906897,STTD
2013-03-20,5558,171,3,2013,0,0,none,upstream,12700,9.449357272446683,14.618541666666657,5.45,1.6956156086751528,SHR
2013-03-20,5558,171,3,2013,0,0,none,yolo,469,6.150602768446279,17.386904761904756,44.11,3.786686514116848,LIS
2013-03-20,5558,171,3,2013,0,0,none,yolo,469,6.150602768446279,17.386904761904756,19.86,2.9887076586170265,STTD
2013-03-22,5560,173,3,2013,0,0,none,downstream,10800,9.287301413112312,15.133928571428557,3.46,1.2412685890696329,D22
2013-03-26,5564,177,3,2013,0,0,none,downstream,9170,9.123692565250511,14.7190476190476,4,1.3862943611198906,657
2013-03-27,5565,178,3,2013,0,0,none,downstream,9170,9.123692565250511,14.5845238095238,4.19999980926514,1.4350844798762596,16
2013-03-27,5565,178,3,2013,0,0,none,downstream,9170,9.123692565250511,14.5845238095238,2.39999985694885,0.8754686777492523,34
2013-04-03,5572,185,4,2013,0,0,none,upstream,16000,9.680344001221918,16.2146875,21.68,3.0763901765714454,SHR
2013-04-03,5572,185,4,2013,0,0,none,yolo,398,5.986452005284438,18.351190476190485,11.75,2.463853240590168,LIS
2013-04-03,5572,185,4,2013,0,0,none,yolo,398,5.986452005284438,18.351190476190485,8.67,2.1598687907924505,STTD
2013-04-15,5584,197,4,2013,0,0,none,upstream,12100,9.400960731584833,16.622931547619043,4.83,1.5748464676644813,SHR
2013-04-15,5584,197,4,2013,0,0,none,yolo,369,5.910796644040527,18.486309523809513,15.91,2.7669478423496954,LIS
2013-04-15,5584,197,4,2013,0,0,none,yolo,369,5.910796644040527,18.486309523809513,8.58,2.149433913499871,STTD
2013-04-22,5591,204,4,2013,0,0,none,downstream,4080,8.313852267398207,16.879761904761914,8.12,2.0943301541735866,D22
2013-04-23,5592,205,4,2013,0,0,none,downstream,1700,7.438383530044307,17.042261904761915,5.6,1.7227665977411035,657
2013-04-29,5598,211,4,2013,0,0,none,upstream,11000,9.305650551780507,19.6267857142857,6.51,1.873339456220478,SHR
2013-04-29,5598,211,4,2013,0,0,none,yolo,689,6.535241271013659,20.269642857142884,28.09,3.335413641116152,LIS
2013-04-29,5598,211,4,2013,0,0,none,yolo,689,6.535241271013659,20.269642857142884,19.5,2.970414465569701,STTD
2013-05-01,5600,213,5,2013,0,0,none,downstream,8830,9.085910293598007,18.641071428571443,3.29999995231628,1.1939224540228224,16
2013-05-01,5600,213,5,2013,0,0,none,downstream,8830,9.085910293598007,18.641071428571443,3.19999980926514,1.1631507502010352,34
2013-05-14,5613,226,5,2013,0,0,none,yolo,510,6.234410725718371,21.95649585921326,35.67,3.5743099993708003,LIS
2013-05-14,5613,226,5,2013,0,0,none,yolo,510,6.234410725718371,21.95649585921326,5.98,1.7884205679625405,STTD
2013-05-15,5614,227,5,2013,0,0,none,upstream,11300,9.332558004700433,20.6095386904762,4.26,1.449269160281279,SHR
2013-12-11,5824,71,12,2014,0,0,none,downstream,5320,8.57922858233569,9.045833333333333,1.51,0.412109650826833,D22
2013-12-17,5830,77,12,2014,0,0,none,upstream,7860,8.969541885423252,6.747842261904761,2,0.6931471805599453,SHR
2013-12-17,5830,77,12,2014,0,0,none,yolo,83,4.418840607796598,5.4416666666666655,6.75,1.9095425048844386,LIS
2013-12-18,5831,78,12,2014,0,0,none,yolo,84,4.430816798843313,5.670833333333332,2.99,1.095273387402595,STTD
2014-01-02,5846,94,1,2014,0,0,none,yolo,86,4.454347296253507,7.39653273809524,8.76,2.1701959049483,LIS
2014-01-02,5846,94,1,2014,0,0,none,yolo,86,4.454347296253507,7.39653273809524,13.24,2.5832425505088623,STTD
2014-01-03,5847,95,1,2014,0,0,none,upstream,7630,8.939843124278502,8.451145833333333,1.87,0.6259384308664954,SHR
2014-01-08,5852,100,1,2014,0,0,none,yolo,89,4.48863636973214,7.799345238095238,6.47,1.8671761085128091,LIS
2014-01-10,5854,102,1,2014,0,0,none,downstream,4530,8.41847721847708,8.772803666921314,1.65,0.5007752879124892,D22
2014-01-14,5858,106,1,2014,0,0,none,upstream,6450,8.771835409789817,8.85943906641604,2.27,0.8197798314933114,SHR
2014-01-14,5858,106,1,2014,0,0,none,downstream,3790,8.240121298076472,9.099404761904761,3.5,1.252762968495368,657
2014-01-15,5859,107,1,2014,0,0,none,yolo,146,4.983606621708336,8.319940476190476,7.28,1.9851308622085946,LIS
2014-01-15,5859,107,1,2014,0,0,none,yolo,146,4.983606621708336,8.319940476190476,7.2,1.9740810260220096,STTD
2014-01-21,5865,113,1,2014,0,0,none,yolo,253,5.53338948872752,8.896026785714286,9.08,2.206074192613202,LIS
2014-01-28,5872,120,1,2014,0,0,none,upstream,5790,8.663887570567042,9.776532738095236,5.72,1.7439688053917064,SHR
2014-01-29,5873,121,1,2014,0,0,none,yolo,374,5.924255797414532,9.720654761904767,11.11,2.4078456036515385,LIS
2014-01-29,5873,121,1,2014,0,0,none,yolo,374,5.924255797414532,9.720654761904767,10.83,2.382320061012899,STTD
2014-01-31,5875,123,1,2014,0,0,none,downstream,5540,8.61974977974133,10.467857142857147,2.59999990463257,0.955511408347655,16
2014-01-31,5875,123,1,2014,0,0,none,downstream,5540,8.61974977974133,10.467857142857147,2.59999990463257,0.955511408347655,34
2014-02-04,5879,127,2,2014,0,0,none,yolo,262,5.568344503761097,11.03272321428573,8.97,2.1938856760707046,LIS
2014-02-10,5885,133,2,2014,0,0,none,downstream,18500,9.825526011066415,10.771428571428572,2.2,0.7884573603642703,D22
2014-02-11,5886,134,2,2014,0,0,none,upstream,22800,10.034515814942532,10.39727678571429,8.12,2.0943301541735866,SHR
2014-02-11,5886,134,2,2014,0,0,none,downstream,21200,9.961756460660103,10.863690476190472,5.3,1.667706820558076,657
2014-02-12,5887,135,2,2014,0,0,none,yolo,100,4.605170185988092,11.254136904761886,11.96,2.481567748522486,LIS
2014-02-12,5887,135,2,2014,0,0,none,yolo,100,4.605170185988092,11.254136904761886,8.19,2.102913897864978,STTD
2014-02-18,5893,141,2,2014,0,0,none,yolo,100,4.605170185988092,14.0394494047619,9.16,2.214846178686039,LIS
2014-02-24,5899,147,2,2014,0,0,none,upstream,7180,8.87905466204227,13.037125783208014,5.53,1.7101878155342434,SHR
2014-02-24,5899,147,2,2014,0,0,none,yolo,97,4.574710978503383,14.09955357142857,14.31,2.6609585935683597,LIS
2014-02-24,5899,147,2,2014,0,0,none,yolo,97,4.574710978503383,14.09955357142857,8.52,2.1424163408412245,STTD
2014-03-06,5909,157,3,2014,0,0,none,yolo,112,4.718498871295094,14.365446428571442,13.24,2.5832425505088623,LIS
2014-03-06,5909,157,3,2014,0,0,none,downstream,22100,10.003332887505843,13.942239819004529,3.19999980926514,1.1631507502010352,16
2014-03-06,5909,157,3,2014,0,0,none,downstream,22100,10.003332887505843,13.942239819004529,3.5,1.252762968495368,34
2014-03-10,5913,161,3,2014,0,0,none,downstream,19100,9.857443614034722,14.063399100899113,1.11,0.10436001532424286,D22
2014-03-11,5914,162,3,2014,0,0,none,downstream,16500,9.711115659888671,14.2020895770896,2.3,0.8329091229351039,657
2014-03-12,5915,163,3,2014,0,0,none,upstream,22300,10.01234195744821,14.045242637844586,3.96,1.3762440252663892,SHR
2014-03-12,5915,163,3,2014,0,0,none,yolo,107,4.672828834461906,15.640773809523814,14.95,2.7047112998366956,LIS
2014-03-12,5915,163,3,2014,0,0,none,yolo,107,4.672828834461906,15.640773809523814,6.56,1.8809906029559975,STTD
2014-03-18,5921,169,3,2014,0,0,none,yolo,116,4.7535901911063645,15.905833333333343,9.83,2.285438934159075,LIS
2014-03-25,5928,176,3,2014,0,0,none,upstream,7090,8.866440619526173,16.362023809523816,16.45,2.800325477211381,SHR
2014-03-25,5928,176,3,2014,0,0,none,yolo,210,5.3471075307174685,17.294810620300744,13.67,2.6152036507358583,LIS
2014-03-25,5928,176,3,2014,0,0,none,yolo,210,5.3471075307174685,17.294810620300744,10.51,2.3523271848888596,STTD
2014-04-07,5941,189,4,2014,0,0,none,upstream,10900,9.296518068217235,13.426875000000015,4.25,1.4469189829363254,SHR
2014-04-07,5941,189,4,2014,0,0,none,yolo,124,4.820281565605037,15.355135964912272,5.66,1.7334238922150915,LIS
2014-04-07,5941,189,4,2014,0,0,none,yolo,124,4.820281565605037,15.355135964912272,6.77,1.9125010869241836,STTD
2014-04-07,5941,189,4,2014,0,0,none,downstream,10900,9.296518068217235,14.572023809523829,2.5,0.9162907318741551,16
2014-04-07,5941,189,4,2014,0,0,none,downstream,10900,9.296518068217235,14.572023809523829,2.29999995231628,0.8329091022030517,34
2014-04-08,5942,190,4,2014,0,0,none,yolo,132,4.882801922586371,15.950076441102743,5.51,1.706564623164823,LIS
2014-04-09,5943,191,4,2014,0,0,none,downstream,7590,8.934586870389676,14.767857142857142,2.25,0.8109302162163288,D22
2014-04-22,5956,204,4,2014,0,0,none,yolo,344,5.840641657373398,20.787098214285713,14.52,2.67552700939665,LIS
2014-04-24,5958,206,4,2014,0,0,none,upstream,6000,8.699514748210191,20.106860119047614,1.85,0.6151856390902335,SHR
2014-04-25,5959,207,4,2014,0,0,none,yolo,372,5.918893854273146,19.839672619047615,3.46,1.2412685890696329,STTD
2014-05-06,5970,218,5,2014,0,0,none,yolo,415,6.028278520230698,21.580401785714287,13.46,2.599722324216582,LIS
2014-05-07,5971,219,5,2014,0,0,none,upstream,4430,8.39615486303918,20.89941964285713,9.29,2.2289385528257473,SHR
2014-05-09,5973,221,5,2014,0,0,none,yolo,558,6.324358962381311,20.814702380952358,3.46,1.2412685890696329,STTD
2014-05-09,5973,221,5,2014,0,0,none,downstream,3320,8.107720061910534,19.53035714285714,4.19,1.4327007339340465,D22
2014-05-12,5976,224,5,2014,0,0,none,downstream,2370,7.7706452341291765,19.314880952380957,2.89999985694885,1.0647106876644443,16
2014-05-12,5976,224,5,2014,0,0,none,downstream,2370,7.7706452341291765,19.314880952380957,2.69999980926514,0.9932517023677401,34
2014-12-17,6195,77,12,2015,0,0,none,upstream,49500,10.809727948556782,12.091607142857143,1.41,0.34358970439007686,SHR
2014-12-17,6195,77,12,2015,0,0,none,downstream,50500,10.829728615263452,12.647138420585629,1.5,0.4054651081081644,D22
2014-12-18,6196,78,12,2015,0,0,none,yolo,4479,8.4071550862073,11.859151785714271,1.67,0.5128236264286637,LIS
2014-12-18,6196,78,12,2015,0,0,none,yolo,4479,8.4071550862073,11.859151785714271,1.82,0.598836501088704,STTD
2014-12-18,6196,78,12,2015,0,0,none,downstream,47900,10.776870783399007,12.35487651582373,6.79999971389771,1.916922570108194,16
2014-12-18,6196,78,12,2015,0,0,none,downstream,47900,10.776870783399007,12.35487651582373,6.09999990463257,1.8082887555452605,34
2014-12-29,6207,89,12,2015,0,0,none,upstream,22200,10.00784756786037,11.131562500000005,0.82,-0.19845093872383832,SHR
2014-12-30,6208,90,12,2015,0,0,none,yolo,2867,7.96102146588337,10.025667658730153,2.44,0.8919980393051105,LIS
2014-12-30,6208,90,12,2015,0,0,none,yolo,2867,7.96102146588337,10.025667658730153,2.82,1.0367368849500223,STTD
2015-01-08,6217,100,1,2015,0,0,none,yolo,282,5.641907070938114,6.430148809523809,5.66,1.7334238922150915,LIS
2015-01-15,6224,107,1,2015,0,0,none,upstream,8790,9.081369990679223,10.1978125,1.24,0.2151113796169455,SHR
2015-01-16,6225,108,1,2015,0,0,none,yolo,244,5.497168225293202,10.053852130325819,19.74,2.9826470340053355,LIS
2015-01-16,6225,108,1,2015,0,0,none,yolo,244,5.497168225293202,10.053852130325819,9.76,2.278292400425001,STTD
2015-01-16,6225,108,1,2015,0,0,none,downstream,6590,8.793308627496552,9.35595238095239,0.37,-0.9942522733438669,D22
2015-01-20,6229,112,1,2015,0,0,none,yolo,250,5.521460917862246,10.6581676065163,13.67,2.6152036507358583,STTD
2015-01-21,6230,113,1,2015,0,0,none,upstream,8770,9.079092085366229,10.7888392857143,1.61,0.4762341789963717,SHR
2015-01-22,6231,114,1,2015,0,0,none,yolo,273,5.60947179518496,10.840637844611543,9.27,2.2267833795777636,LIS
2015-01-22,6231,114,1,2015,0,0,none,downstream,8590,9.0583540149783,10.65,0.9,-0.10536051565782628,657
2015-01-27,6236,119,1,2015,0,0,none,downstream,6940,8.84505705350085,10.825,2.5,0.9162907318741551,16
2015-01-27,6236,119,1,2015,0,0,none,downstream,6940,8.84505705350085,10.825,1.39999997615814,0.33647221959131285,34
2015-02-03,6243,126,2,2015,0,0,none,upstream,8230,9.015541293671115,11.866309523809528,2.04,0.712949807856125,SHR
2015-02-04,6244,127,2,2015,0,0,none,yolo,318,5.762051382780177,12.064568452380943,11.68,2.457877977400081,LIS
2015-02-04,6244,127,2,2015,0,0,none,yolo,318,5.762051382780177,12.064568452380943,8.79,2.1736147116970854,STTD
2015-02-13,6253,136,2,2015,0,0,none,downstream,30200,10.31559720336296,13.141666666666671,1.87,0.6259384308664954,D22
2015-02-17,6257,140,2,2015,0,0,none,yolo,868,6.7661917146603505,14.861532738095228,7.66,2.0360119837525,LIS
2015-02-17,6257,140,2,2015,0,0,none,yolo,868,6.7661917146603505,14.861532738095228,8.93,2.189416394888408,STTD
2015-02-18,6258,141,2,2015,0,0,none,upstream,15000,9.615805480084347,13.329613095238086,3.29,1.1908875647772805,SHR
2015-02-18,6258,141,2,2015,0,0,none,downstream,15700,9.6614159913364,13.756547619047614,1.7,0.5306282510621704,653
2015-02-18,6258,141,2,2015,0,0,none,downstream,15700,9.6614159913364,13.756547619047614,1.6,0.47000362924573563,657
2015-03-03,6271,154,3,2015,0,0,none,upstream,8960,9.100525505968976,12.915133928571414,2.64,0.9707789171582248,SHR
2015-03-04,6272,155,3,2015,0,0,none,yolo,271,5.602118820879701,13.674598214285714,23.97,3.176803048446293,LIS
2015-03-04,6272,155,3,2015,0,0,none,yolo,271,5.602118820879701,13.674598214285714,17.73,2.8752581200861167,STTD
2015-03-09,6277,160,3,2015,0,0,none,downstream,5590,8.628734566149145,14.160714285714285,4.09999990463257,1.410986950449913,16
2015-03-09,6277,160,3,2015,0,0,none,downstream,5590,8.628734566149145,14.160714285714285,2.39999985694885,0.8754686777492523,34
2015-03-13,6281,164,3,2015,0,0,none,downstream,6330,8.753055515138222,15.158333333333314,9.37,2.2375130962503307,D22
2015-03-16,6284,167,3,2015,0,0,none,yolo,281,5.638354669333745,17.761711309523815,23.6,3.1612467120315646,LIS
2015-03-16,6284,167,3,2015,0,0,none,yolo,281,5.638354669333745,17.761711309523815,14.82,2.695977619867941,STTD
2015-03-17,6285,168,3,2015,0,0,none,upstream,6920,8.842171048611716,16.720288063909774,2.48,0.9082585601768908,SHR
2015-03-17,6285,168,3,2015,0,0,none,downstream,5250,8.565983355585669,16.414880952380944,5.1,1.62924053973028,653
2015-03-17,6285,168,3,2015,0,0,none,downstream,5250,8.565983355585669,16.414880952380944,3.4,1.2237754316221157,657
2015-03-24,6292,175,3,2015,0,0,none,yolo,628,6.4425401664681985,18.68279761904763,14.16,2.6504210882655737,STTD
2015-04-02,6301,184,4,2015,0,0,none,yolo,554,6.317164686747284,19.30438988095237,28.88,3.3631493140246254,LIS
2015-04-02,6301,184,4,2015,0,0,none,yolo,554,6.317164686747284,19.30438988095237,16.47,2.8015405441895487,STTD
2015-04-03,6302,185,4,2015,0,0,none,upstream,5380,8.59044365315583,18.733452380952386,5.28,1.6639260977181702,SHR
2015-04-09,6308,191,4,2015,0,0,none,yolo,366,5.902633333401366,16.677068452380958,29.5,3.3843902633457743,LIS
2015-04-13,6312,195,4,2015,0,0,none,downstream,4030,8.301521654940728,17.010119047619042,2.97,1.0885619528146082,D22
2015-04-16,6315,198,4,2015,0,0,none,yolo,456,6.1224928095143865,17.52697916666667,13.54,2.605648267484129,LIS
2015-04-16,6315,198,4,2015,0,0,none,yolo,456,6.1224928095143865,17.52697916666667,32.21,3.4722769633431074,STTD
2015-04-17,6316,199,4,2015,0,0,none,upstream,5200,8.556413904569519,17.571369047619044,4.67,1.541159071680806,SHR
2015-04-21,6320,203,4,2015,0,0,none,downstream,4580,8.429454277108231,17.405357142857127,14.7,2.6878474937846906,653
2015-04-21,6320,203,4,2015,0,0,none,downstream,4580,8.429454277108231,17.405357142857127,4.4,1.4816045409242156,657
2015-04-22,6321,204,4,2015,0,0,none,downstream,5600,8.630521876723241,17.560714285714273,3.89999985694885,1.360976516455818,16
2015-04-22,6321,204,4,2015,0,0,none,downstream,5600,8.630521876723241,17.560714285714273,7.09999990463257,1.9600947706152372,34
2015-04-29,6328,211,4,2015,0,0,none,upstream,6070,8.711113884053544,20.833169642857158,3.42,1.2296405510745139,SHR
2015-04-30,6329,212,4,2015,0,0,none,yolo,491,6.19644412779452,19.933125,24.5,3.1986731175506815,LIS
2015-04-30,6329,212,4,2015,0,0,none,yolo,491,6.19644412779452,19.933125,5.45,1.6956156086751528,STTD
2015-05-13,6342,225,5,2015,0,0,none,downstream,5350,8.584851839890053,19.749404761904756,1.36,0.3074846997479607,D22
2015-12-08,6551,68,12,2016,0,0,none,yolo,142,4.955827057601261,8.925576036866358,3,1.0986122886681098,USGS-11455139
2015-12-09,6552,69,12,2016,0,0,none,yolo,139,4.9344739331306915,9.261290322580644,4.76,1.5602476682433286,LIS
2015-12-09,6552,69,12,2016,0,0,none,yolo,139,4.9344739331306915,9.261290322580644,2.73,1.0043016091968684,STTD
2015-12-10,6553,70,12,2016,0,0,none,upstream,8550,9.053686561930807,10.145431547619062,1.55,0.4382549309311553,SHR
2015-12-10,6553,70,12,2016,0,0,none,downstream,3210,8.07402621612406,10.063328157349906,3.8,1.33500106673234,USGS-11455478
2015-12-15,6558,75,12,2016,0,0,none,upstream,9640,9.17367638760459,11.282247023809543,2.6,0.9555114450274363,USGS-11447650
2015-12-16,6559,76,12,2016,0,0,none,downstream,11700,9.367344120785848,10.489518633540385,8.2,2.1041341542702074,653
2015-12-21,6564,81,12,2016,0,0,none,yolo,149,5.003946305945459,9.014716856642325,6.49,1.8702625307159986,LIS
2015-12-22,6565,82,12,2016,0,0,none,upstream,13800,9.532423871145296,8.999092261904762,6.13,1.81319474994812,SHR
2015-12-23,6566,83,12,2016,0,0,none,yolo,149,5.003946305945459,9.057573999499468,3.95,1.3737155789130306,STTD
2016-01-05,6579,97,1,2016,0,0,none,downstream,6840,8.830543010616596,7.695833333333334,2.7,0.9932517730102834,USGS-11455478
2016-01-06,6580,98,1,2016,0,0,none,downstream,9990,9.2093398716426,7.630952380952381,2.58,0.9477893989335261,D22
2016-01-07,6581,99,1,2016,0,0,none,yolo,161,5.081404364984463,6.979737326110219,7.8,2.0541237336955462,USGS-11455139
2016-01-12,6586,104,1,2016,0,0,none,yolo,140,4.941642422609304,8.275907738095238,17.7,2.8735646395797834,LIS
2016-01-12,6586,104,1,2016,0,0,none,yolo,140,4.941642422609304,8.275907738095238,10.07,2.309560706730471,STTD
2016-01-13,6587,105,1,2016,0,0,none,upstream,15100,9.622450022803015,8.880074404761904,2.72,1.000631880307906,SHR
2016-01-19,6593,111,1,2016,0,0,none,upstream,36500,10.505067539570582,9.605744047619048,2.3,0.8329091229351039,USGS-11447650
2016-01-19,6593,111,1,2016,0,0,none,yolo,1438,7.271008538280992,10.258065476190467,14.62,2.6823904543216326,LIS
2016-01-27,6601,119,1,2016,0,0,none,yolo,1175,7.069023426578259,12.225,5.64,1.7298840655099674,LIS
2016-01-27,6601,119,1,2016,0,0,none,yolo,1175,7.069023426578259,12.225,4.29,1.4562867329399256,STTD
2016-01-28,6602,120,1,2016,0,0,none,upstream,35400,10.474467099121865,11.116512844611544,1.53,0.4252677354043441,SHR
2016-02-03,6608,126,2,2016,0,0,none,downstream,32700,10.395130356885344,10.824999999999996,1.38,0.3220834991691132,D22
2016-02-03,6608,126,2,2016,0,0,none,downstream,32700,10.395130356885344,10.824999999999996,3,1.0986122886681098,16
2016-02-03,6608,126,2,2016,0,0,none,downstream,32700,10.395130356885344,10.824999999999996,4.39999961853027,1.4816044542265459,34
2016-02-08,6613,131,2,2016,0,0,none,upstream,17900,9.792555991828847,9.31226190476191,1.86,0.62057648772511,SHR
2016-02-09,6614,132,2,2016,0,0,none,yolo,278,5.627621113690637,10.252619047619056,8.07,2.0881534822818573,LIS
2016-02-09,6614,132,2,2016,0,0,none,yolo,278,5.627621113690637,10.252619047619056,7.75,2.0476928433652555,STTD
2016-02-09,6614,132,2,2016,0,0,none,downstream,15700,9.6614159913364,9.855408902691511,1.4,0.3364722366212129,USGS-11455478
2016-02-10,6615,133,2,2016,0,0,none,downstream,15100,9.622450022803015,9.971480331262944,1.9,0.6418538861723947,653
2016-02-10,6615,133,2,2016,0,0,none,downstream,15100,9.622450022803015,9.971480331262944,1.9,0.6418538861723947,657
2016-02-11,6616,134,2,2016,0,0,none,yolo,262,5.568344503761097,11.163244047619058,7,1.9459101490553132,USGS-11455139
2016-02-18,6623,141,2,2016,0,0,none,yolo,171,5.14166355650266,14.350401785714272,16.65,2.8124102164264526,LIS
2016-02-22,6627,145,2,2016,0,0,none,yolo,150,5.0106352940962555,14.611889880952372,8.8,2.174751721484161,STTD
2016-02-23,6628,146,2,2016,0,0,none,upstream,14900,9.60911649193355,12.534583333333329,3.55,1.2669476034873244,SHR
2016-02-23,6628,146,2,2016,0,0,none,upstream,14900,9.60911649193355,12.534583333333329,2.6,0.9555114450274363,USGS-11447650
2016-03-02,6636,154,3,2016,0,0,none,downstream,11300,9.332558004700433,13.259523809523786,1.2,0.1823215567939546,16
2016-03-02,6636,154,3,2016,0,0,none,downstream,11300,9.332558004700433,13.259523809523786,0.899999976158142,-0.10536054214878,34
2016-03-04,6638,156,3,2016,0,0,none,downstream,10100,9.22029070282935,13.673809523809501,3.46,1.2412685890696329,D22
2016-03-07,6641,159,3,2016,0,0,none,yolo,1018,6.925595197110468,16.115773809523816,15.67,2.7517480563679295,LIS
2016-03-07,6641,159,3,2016,0,0,none,yolo,1018,6.925595197110468,16.115773809523816,12.7,2.5416019934645457,STTD
2016-03-08,6642,160,3,2016,0,0,none,upstream,46800,10.753638481905739,13.520486372180457,6.22,1.827769906751088,SHR
2016-03-08,6642,160,3,2016,0,0,none,downstream,44200,10.696480068065789,14.282738095238086,5.4,1.6863989535702288,USGS-11455478
2016-03-09,6643,161,3,2016,0,0,none,downstream,49100,10.801614313782611,14.117857142857144,3.5,1.252762968495368,653
2016-03-09,6643,161,3,2016,0,0,none,downstream,49100,10.801614313782611,14.117857142857144,3.4,1.2237754316221157,657
2016-03-10,6644,162,3,2016,0,0,none,yolo,2587,7.8582541821860294,14.794821428571442,5.5,1.7047480922384253,USGS-11455139
2016-03-17,6651,169,3,2016,1,6,short,upstream,61700,11.030039209893479,11.442931547619043,1.95,0.6678293725756554,SHR
2016-03-18,6652,170,3,2016,1,7,short,yolo,18198,9.809066976916636,13.204910757778986,1.51,0.412109650826833,LIS
2016-03-18,6652,170,3,2016,1,7,short,yolo,18198,9.809066976916636,13.204910757778986,1.75,0.5596157879354227,STTD
2016-03-22,6656,174,3,2016,1,11,short,yolo,2759,7.922623574217286,14.5793031188653,46.72,3.8441723385199715,LIS
2016-03-24,6658,176,3,2016,1,13,short,upstream,55300,10.920528187510426,13.179136904761915,3.9,1.3609765531356006,USGS-11447650
2016-03-24,6658,176,3,2016,1,13,short,yolo,2582,7.856319571406588,15.417785378165329,67.08,4.205885936955008,STTD
2016-03-25,6659,177,3,2016,0,0,none,upstream,53300,10.883691610153935,13.2413665413534,4.85,1.5789787049493917,SHR
2016-03-30,6664,182,3,2016,0,0,none,upstream,34400,10.44581184336149,13.528836779448643,5.28,1.6639260977181702,SHR
2016-03-30,6664,182,3,2016,0,0,none,yolo,1672,7.421775793644647,17.266928896885556,40.14,3.692373343368192,LIS
2016-03-30,6664,182,3,2016,0,0,none,yolo,1672,7.421775793644647,17.266928896885556,37.13,3.6144252681889886,STTD
2016-04-04,6669,187,4,2016,0,0,none,downstream,22500,10.021270588192511,15.061904761904744,2.39999985694885,0.8754686777492523,16
2016-04-04,6669,187,4,2016,0,0,none,downstream,22500,10.021270588192511,15.061904761904744,2.89999985694885,1.0647106876644443,34
2016-04-06,6671,189,4,2016,0,0,none,yolo,1063,6.968850378341948,18.680634093913685,28.14,3.3371920516862432,LIS
2016-04-07,6672,190,4,2016,0,0,none,upstream,18200,9.809176873064887,15.729553571428571,4.54,1.5129270120532565,SHR
2016-04-08,6673,191,4,2016,0,0,none,yolo,914,6.81783057145415,19.571734170455986,26.3,3.269568939183719,STTD
2016-04-15,6680,198,4,2016,0,0,none,downstream,17700,9.78131991856192,17.148214285714285,3.03,1.1085626195212777,D22
2016-04-18,6683,201,4,2016,0,0,none,upstream,15000,9.615805480084347,16.297258421985802,3.4,1.2237754316221157,SHR
2016-04-18,6683,201,4,2016,0,0,none,yolo,516,6.246106765481563,19.25059523809523,24.44,3.1962211343033946,LIS
2016-04-19,6684,202,4,2016,0,0,none,upstream,14100,9.55393007636626,16.4077197315096,3.2,1.1631508098056809,USGS-11447650
2016-04-19,6684,202,4,2016,0,0,none,yolo,517,6.248042874508429,19.571353540100244,18.92,2.9402195636237325,STTD
2016-04-28,6693,211,4,2016,0,0,none,downstream,10400,9.249561085129464,17.7107142857143,4.09999990463257,1.410986950449913,16
2016-04-28,6693,211,4,2016,0,0,none,downstream,10400,9.249561085129464,17.7107142857143,3.5,1.252762968495368,34
2016-05-04,6699,217,5,2016,0,0,none,yolo,473,6.159095388491933,19.913547049441785,12.04,2.488234439880675,LIS
2016-05-04,6699,217,5,2016,0,0,none,yolo,473,6.159095388491933,19.913547049441785,7.04,1.951608170169951,STTD
2016-05-05,6700,218,5,2016,0,0,none,upstream,6940,8.84505705350085,17.482053571428573,1.09,0.08617769624105241,SHR
2016-05-06,6701,219,5,2016,0,0,none,downstream,6730,8.814330422638774,18.10119047619047,35.9,3.580737295494233,USGS-11455478
2016-05-12,6707,225,5,2016,0,0,none,upstream,10700,9.277999020449997,17.11650297619047,1.5,0.4054651081081644,USGS-11447650
2016-05-13,6708,226,5,2016,0,0,none,downstream,11200,9.323669057283185,18.3047619047619,58.8,4.074141854904581,D22
2016-12-06,6915,67,12,2017,0,0,none,yolo,115,4.74493212836325,10.245636120555153,7,1.9459101490553132,USGS-11455139
2016-12-08,6917,69,12,2017,0,0,none,downstream,9250,9.132378830506472,10.027976190476194,1.5,0.4054651081081644,USGS-11455478
2016-12-09,6918,70,12,2017,0,0,none,downstream,8740,9.07566546864958,9.910714285714285,1.43,0.3576744442718159,D22
2016-12-13,6922,74,12,2017,0,0,none,yolo,623,6.434546518787453,9.20419812745394,6.53,1.8764069432883397,LIS
2016-12-13,6922,74,12,2017,0,0,none,yolo,623,6.434546518787453,9.20419812745394,5.72,1.7439688053917064,STTD
2016-12-13,6922,74,12,2017,0,0,none,downstream,34200,10.439980923050696,9.869642857142857,1.9,0.6418538861723947,653
2016-12-13,6922,74,12,2017,0,0,none,downstream,34200,10.439980923050696,9.869642857142857,1.5,0.4054651081081644,657
2016-12-14,6923,75,12,2017,0,0,none,upstream,33800,10.42821608147111,9.671307043624996,3.05,1.1151415906193203,SHR
2016-12-21,6930,82,12,2017,1,5,short,upstream,51100,10.841539776191796,9.930880456424116,1.7,0.5306282510621704,SHR
2016-12-21,6930,82,12,2017,1,5,short,yolo,3759,8.231908243564177,8.884321912689295,2.23,0.8020015854720274,LIS
2016-12-21,6930,82,12,2017,1,5,short,yolo,3759,8.231908243564177,8.884321912689295,2.68,0.9858167945227654,STTD
2016-12-22,6931,83,12,2017,0,0,none,downstream,63500,11.058795184880783,9.764285714285705,3,1.0986122886681098,16
2016-12-22,6931,83,12,2017,0,0,none,downstream,63500,11.058795184880783,9.764285714285705,3.1,1.1314021114911006,34
2016-12-27,6936,88,12,2017,0,0,none,yolo,1035,6.942156705699469,7.595803384886933,7.24,1.979621206397625,LIS
2016-12-27,6936,88,12,2017,0,0,none,yolo,1035,6.942156705699469,7.595803384886933,5.83,1.763017000362401,STTD
2016-12-29,6938,90,12,2017,0,0,none,upstream,27600,10.225571051705241,8.264655258041666,1.69,0.5247285289349821,SHR
2017-01-09,6949,101,1,2017,1,1,short,downstream,81200,11.304670526149769,8.64957729468599,2.35,0.8544153281560676,D22
2017-01-10,6950,102,1,2017,1,2,short,upstream,70500,11.16336798880036,8.766458333333333,2.49,0.9122827104766164,SHR
2017-01-11,6951,103,1,2017,1,3,short,yolo,173921,12.066356452108515,9.205233268307317,1.06,0.058268908123975824,LIS
2017-01-11,6951,103,1,2017,1,3,short,yolo,173921,12.066356452108515,9.205233268307317,1.83,0.6043159668533296,STTD
2017-01-11,6951,103,1,2017,1,3,short,downstream,166000,12.01974306733868,9.18472222222223,2.6,0.9555114450274363,USGS-11455478
2017-01-18,6958,110,1,2017,1,10,short,yolo,53870,10.894329015674579,9.142425595238096,1.6,0.47000362924573563,LIS
2017-01-18,6958,110,1,2017,1,10,short,yolo,53870,10.894329015674579,9.142425595238096,1.3,0.26236426446749106,STTD
2017-01-23,6963,115,1,2017,1,15,short,upstream,65700,11.092854204472703,8.629389880952381,1.14,0.131028262406404,SHR
2017-01-24,6964,116,1,2017,1,16,short,yolo,88483,11.390565722148818,8.686458333333334,1.05,0.04879016416943205,LIS
2017-01-24,6964,116,1,2017,1,16,short,yolo,88483,11.390565722148818,8.686458333333334,1.19,0.17395330712343798,STTD
2017-01-31,6971,123,1,2017,1,23,long,yolo,18591,9.830432871630217,9.084181547619048,1.48,0.3920420877760237,LIS
2017-02-02,6973,125,2,2017,1,25,long,yolo,18132,9.80543361206074,9.245014880952382,2.23,0.8020015854720274,STTD
2017-02-06,6977,129,2,2017,1,29,long,yolo,54069,10.898016287660916,10.244226190476182,2.12,0.7514160886839212,LIS
2017-02-06,6977,129,2,2017,1,29,long,yolo,54069,10.898016287660916,10.244226190476182,1.71,0.5364933705145685,STTD
2017-02-07,6978,130,2,2017,1,30,long,upstream,67900,11.125791313546788,9.171235119047616,1.48,0.3920420877760237,SHR
2017-02-07,6978,130,2,2017,1,30,long,downstream,137000,11.827736204810263,10.281547619047618,9.1,2.2082744135228043,USGS-11455478
2017-02-08,6979,131,2,2017,1,31,long,downstream,167000,12.025749091398891,10.658928571428566,5.02,1.6134299337036377,D22
2017-02-14,6985,137,2,2017,1,37,long,downstream,251000,12.43320821811392,11.638095238095243,7.2,1.9740810260220096,16
2017-02-14,6985,137,2,2017,1,37,long,downstream,251000,12.43320821811392,11.638095238095243,6.9,1.9315214116032138,34
2017-02-16,6987,139,2,2017,1,39,long,yolo,193325,12.172127989477236,10.068541666666667,0.83,-0.18632957819149348,STTD
2017-02-22,6993,145,2,2017,1,45,long,yolo,227863,12.336499850144547,9.62641369047619,0.57,-0.5621189181535413,LIS
2017-02-22,6993,145,2,2017,1,45,long,yolo,227863,12.336499850144547,9.62641369047619,0.87,-0.13926206733350766,STTD
2017-02-23,6994,146,2,2017,1,46,long,upstream,74700,11.221235371120908,9.52766369047619,0.67,-0.40047756659712525,SHR
2017-03-01,7000,152,3,2017,1,52,long,yolo,88486,11.390599626391937,9.319315476190477,0.9,-0.10536051565782628,USGS-11455139
2017-03-08,7007,159,3,2017,1,59,long,upstream,59700,10.997087299380693,10.203348214285711,2.75,1.0116009116784799,SHR
2017-03-08,7007,159,3,2017,1,59,long,downstream,104000,11.55214617812351,10.928571428571415,5.29,1.665818245870208,D22
2017-03-09,7008,160,3,2017,1,60,long,yolo,18577,9.829679535391405,10.762976190476197,2.31,0.8372475245337022,LIS
2017-03-09,7008,160,3,2017,1,60,long,yolo,18577,9.829679535391405,10.762976190476197,2.2,0.7884573603642703,STTD
2017-03-10,7009,161,3,2017,1,61,long,upstream,58200,10.97164063371953,10.339925595238086,2.6,0.9555114450274363,USGS-11447650
2017-03-13,7012,164,3,2017,1,64,long,downstream,70600,11.164785423481334,11.902295918367358,7.1,1.9600947840472698,16
2017-03-13,7012,164,3,2017,1,64,long,downstream,70600,11.164785423481334,11.902295918367358,5.9,1.7749523509116738,34
2017-03-14,7013,165,3,2017,1,65,long,yolo,6358,8.757469141470748,14.269330357142858,42.48,3.749033376933683,LIS
2017-03-14,7013,165,3,2017,1,65,long,yolo,6358,8.757469141470748,14.269330357142858,39.09,3.6658666798048634,STTD
2017-03-15,7014,166,3,2017,1,66,long,yolo,6050,8.707813551024888,15.382306547619057,33,3.4965075614664802,USGS-11455139
2017-03-16,7015,167,3,2017,1,67,long,upstream,49400,10.807705703176014,11.912559523809529,3.4,1.2237754316221157,USGS-11447650
2017-03-21,7020,172,3,2017,1,72,long,upstream,61200,11.021902468500418,12.0889075061843,3.2,1.1631508098056809,SHR
2017-03-21,7020,172,3,2017,1,72,long,downstream,70500,11.16336798880036,13.760119047619042,4.5,1.5040773967762742,657
2017-03-22,7021,173,3,2017,1,73,long,yolo,22906,10.039154163957662,17.194910714285715,9.98,2.300583090323373,LIS
2017-03-22,7021,173,3,2017,1,73,long,yolo,22906,10.039154163957662,17.194910714285715,18.34,2.9090844668283187,STTD
2017-03-28,7027,179,3,2017,1,79,long,yolo,27395,10.218115793972515,14.334360119047615,15.93,2.768204123921957,STTD
2017-04-04,7034,186,4,2017,0,0,none,upstream,44700,10.707728780601661,12.770606550069857,6.88,1.9286186519452522,SHR
2017-04-05,7035,187,4,2017,0,0,none,yolo,2491,7.820439515262181,16.085605369807485,22.27,3.1032404812692764,LIS
2017-04-05,7035,187,4,2017,0,0,none,yolo,2491,7.820439515262181,16.085605369807485,23.37,3.1514531485507664,STTD
2017-04-05,7035,187,4,2017,0,0,none,downstream,52700,10.872370734529454,14.250595238095244,6.86,1.925707441737794,D22
2017-04-05,7035,187,4,2017,0,0,none,downstream,52700,10.872370734529454,14.250595238095244,3,1.0986122886681098,16
2017-04-05,7035,187,4,2017,0,0,none,downstream,52700,10.872370734529454,14.250595238095244,3.5,1.252762968495368,34
2017-04-13,7043,195,4,2017,1,5,short,yolo,5266,8.569026340056254,15.309122023809515,7.15,1.9671123567059163,STTD
2017-04-18,7048,200,4,2017,1,10,short,yolo,23442,10.062284564283125,15.131413690476201,4.1,1.410986973710262,LIS
2017-04-18,7048,200,4,2017,1,10,short,yolo,23442,10.062284564283125,15.131413690476201,5.39,1.6845453849209058,STTD
2017-04-18,7048,200,4,2017,1,10,short,downstream,81000,11.302204433654575,13.152380952380957,8,2.0794415416798357,653
2017-04-18,7048,200,4,2017,1,10,short,downstream,81000,11.302204433654575,13.152380952380957,7.1,1.9600947840472698,657
2017-04-19,7049,201,4,2017,1,11,short,upstream,62800,11.04771035245629,12.236741071428558,2.45,0.8960880245566357,SHR
2017-04-19,7049,201,4,2017,1,11,short,upstream,62800,11.04771035245629,12.236741071428558,2.5,0.9162907318741551,USGS-11447650
2017-04-26,7056,208,4,2017,1,18,short,yolo,26283,10.176677621334473,15.771517857142857,14.76,2.6919208191723265,LIS
2017-04-26,7056,208,4,2017,1,18,short,yolo,26283,10.176677621334473,15.771517857142857,5.06,1.6213664832993742,STTD
2017-05-03,7063,215,5,2017,1,25,long,yolo,3997,8.293299358711323,17.495877976190485,4.64,1.534714366238164,LIS
2017-05-04,7064,216,5,2017,0,0,none,upstream,50600,10.831706855275558,14.547901785714314,2.87,1.0543120297715298,SHR
2017-05-05,7065,217,5,2017,0,0,none,yolo,1907,7.553286605600419,19.12449404761906,13.62,2.611539300721366,STTD
2017-05-09,7069,221,5,2017,0,0,none,yolo,1166,7.061334366910438,21.300892857142856,28.28,3.342154841028372,STTD
2017-05-16,7076,228,5,2017,0,0,none,yolo,627,6.440946540632921,20.433824404761914,19.73,2.982140320034524,LIS
2017-05-16,7076,228,5,2017,0,0,none,yolo,627,6.440946540632921,20.433824404761914,45.14,3.8097687713893897,STTD
2017-05-17,7077,229,5,2017,0,0,none,upstream,45000,10.714417768752456,15.117529761904771,2.6,0.9555114450274363,SHR
2017-05-17,7077,229,5,2017,0,0,none,downstream,49000,10.799575577092764,15.973809523809514,0.4,-0.916290731874155,16
2017-05-17,7077,229,5,2017,0,0,none,downstream,49000,10.799575577092764,15.973809523809514,0.7,-0.35667494393873245,34
2017-12-06,7280,66,12,2018,0,0,none,downstream,12900,9.464982590349763,12.158333333333328,1.4,0.3364722366212129,657
2017-12-08,7282,68,12,2018,0,0,none,downstream,11000,9.305650551780507,11.383928571428557,1.46,0.37843643572024505,D22
2017-12-08,7282,68,12,2018,0,0,none,downstream,11000,9.305650551780507,11.383928571428557,1.18,0.16551443847757333,NZ068
2017-12-13,7287,73,12,2018,0,0,none,yolo,92,4.5217885770490405,9.175495535714287,33.19,3.502248625731883,LIS
2017-12-13,7287,73,12,2018,0,0,none,yolo,92,4.5217885770490405,9.175495535714287,1.25,0.22314355131420976,STTD
2017-12-14,7288,74,12,2018,0,0,none,upstream,10800,9.287301413112312,9.890936164229469,2.66,0.9783261227936078,SHR
2017-12-14,7288,74,12,2018,0,0,none,downstream,11000,9.305650551780507,9.951785714285709,1.1,0.09531017980432493,USGS-11455478
2017-12-18,7292,78,12,2018,0,0,none,downstream,10800,9.287301413112312,9.6,1.7,0.5306282510621704,16
2017-12-18,7292,78,12,2018,0,0,none,downstream,10800,9.287301413112312,9.6,2.3,0.8329091229351039,34
2017-12-19,7293,79,12,2018,0,0,none,upstream,10700,9.277999020449997,9.485720390419948,4.13,1.4182774069729414,SHR
2017-12-20,7294,80,12,2018,0,0,none,yolo,88,4.477336814478207,8.41015773809524,15.67,2.7517480563679295,LIS
2017-12-20,7294,80,12,2018,0,0,none,yolo,88,4.477336814478207,8.41015773809524,1.58,0.4574248470388755,STTD
2017-12-21,7295,81,12,2018,0,0,none,upstream,10700,9.277999020449997,9.40354761904762,3.2,1.1631508098056809,USGS-11447650
2018-01-02,7307,94,1,2018,0,0,none,yolo,88,4.477336814478207,8.284965773809523,26.16,3.264231526588998,LIS
2018-01-02,7307,94,1,2018,0,0,none,yolo,88,4.477336814478207,8.284965773809523,27.78,3.3243163373261977,STTD
2018-01-04,7309,96,1,2018,0,0,none,upstream,10200,9.230142999272362,9.390072916666668,2.47,0.9042181506398859,SHR
2018-01-05,7310,97,1,2018,0,0,none,downstream,10900,9.296518068217235,9.241626984126983,1.86,0.62057648772511,D22
2018-01-05,7310,97,1,2018,0,0,none,downstream,10900,9.296518068217235,9.241626984126983,1.71,0.5364933705145685,NZ068
2018-01-10,7315,102,1,2018,0,0,none,downstream,24100,10.089967119478747,10.0702380952381,3.3,1.1939224684724346,657
2018-01-17,7322,109,1,2018,0,0,none,yolo,120,4.787491742782046,11.456534226190486,12.64,2.5368663887187113,LIS
2018-01-17,7322,109,1,2018,0,0,none,yolo,120,4.787491742782046,11.456534226190486,10.5,2.3513752571634776,STTD
2018-01-18,7323,110,1,2018,0,0,none,upstream,13300,9.495519314209846,11.465107142857143,3.23,1.172482137234565,SHR
2018-01-30,7335,122,1,2018,0,0,none,upstream,15400,9.642122788401721,9.773875971177937,2.5,0.9162907318741551,USGS-11447650
2018-01-30,7335,122,1,2018,0,0,none,yolo,188,5.236441962829949,10.303889880952372,14.5,2.6741486494265287,LIS
2018-01-30,7335,122,1,2018,0,0,none,yolo,188,5.236441962829949,10.303889880952372,15.54,2.7434173449395014,STTD
2018-01-30,7335,122,1,2018,0,0,none,downstream,15300,9.635608107380527,10.263690476190487,1.4,0.3364722366212129,16
2018-01-30,7335,122,1,2018,0,0,none,downstream,15300,9.635608107380527,10.263690476190487,1.6,0.47000362924573563,34
2018-01-31,7336,123,1,2018,0,0,none,upstream,14700,9.595602772766828,9.811109602130319,2.94,1.0784095813505903,SHR
2018-02-05,7341,128,2,2018,0,0,none,downstream,13500,9.51044496442652,10.706547619047614,1.3,0.26236426446749106,D22
2018-02-05,7341,128,2,2018,0,0,none,downstream,13500,9.51044496442652,10.706547619047614,1.45,0.371563556432483,NZ068
2018-02-07,7343,130,2,2018,0,0,none,downstream,13000,9.472704636443673,11.253571428571428,2.2,0.7884573603642703,657
2018-02-13,7349,136,2,2018,0,0,none,yolo,109,4.6913478822291435,12.730967741935485,12.88,2.5556757206762075,LIS
2018-02-13,7349,136,2,2018,0,0,none,yolo,109,4.6913478822291435,12.730967741935485,11.52,2.444084655267745,STTD
2018-02-13,7349,136,2,2018,0,0,none,downstream,11900,9.38429367909962,12.6970238095238,1.8,0.5877866649021191,USGS-11455478
2018-02-14,7350,137,2,2018,0,0,none,upstream,10100,9.22029070282935,12.175119047619043,2.87,1.0543120297715298,SHR
2018-02-27,7363,150,2,2018,0,0,none,upstream,8780,9.080231686629162,9.867678571428566,3.36,1.2119409739751128,SHR
2018-02-28,7364,151,2,2018,0,0,none,yolo,103,4.634728988229636,9.647339040728564,24.76,3.2092294478163956,LIS
2018-02-28,7364,151,2,2018,0,0,none,yolo,103,4.634728988229636,9.647339040728564,34.9,3.5524868292083815,STTD
2018-03-05,7369,156,3,2018,0,0,none,downstream,13900,9.539644119118783,9.85833333333333,2,0.6931471805599453,16
2018-03-05,7369,156,3,2018,0,0,none,downstream,13900,9.539644119118783,9.85833333333333,2.8,1.0296194171811581,34
2018-03-09,7373,160,3,2018,0,0,none,downstream,9760,9.186047679407139,10.216333071690215,2.43,0.8878912573524571,D22
2018-03-09,7373,160,3,2018,0,0,none,downstream,9760,9.186047679407139,10.216333071690215,1.54,0.43178241642553783,NZ068
2018-03-13,7377,164,3,2018,0,0,none,upstream,9680,9.177817180270623,12.447113095238086,3.85,1.3480731482996928,SHR
2018-03-13,7377,164,3,2018,0,0,none,upstream,9680,9.177817180270623,12.447113095238086,5.9,1.7749523509116738,USGS-11447650
2018-03-14,7378,165,3,2018,0,0,none,yolo,138,4.927253685157205,14.443889084053685,19.06,2.947591898226056,LIS
2018-03-14,7378,165,3,2018,0,0,none,yolo,138,4.927253685157205,14.443889084053685,13.66,2.614471854142644,STTD
2018-03-15,7379,166,3,2018,0,0,none,downstream,16800,9.72913416539135,12.652813852813843,1.4,0.3364722366212129,657
2018-03-28,7392,179,3,2018,0,0,none,yolo,407,6.008813185442595,14.329564406407714,18.38,2.911263116927541,LIS
2018-03-28,7392,179,3,2018,0,0,none,yolo,407,6.008813185442595,14.329564406407714,14.67,2.6858045921548905,STTD
2018-03-29,7393,180,3,2018,0,0,none,upstream,26600,10.188666494769791,11.931928700828157,3.03,1.1085626195212777,SHR
2018-04-02,7397,184,4,2018,0,0,none,downstream,24400,10.102338411281293,13.564880952380971,2.1,0.7419373447293773,16
2018-04-02,7397,184,4,2018,0,0,none,downstream,24400,10.102338411281293,13.564880952380971,1.8,0.5877866649021191,34
2018-04-06,7401,188,4,2018,0,0,none,downstream,42600,10.659609532257463,14.897619047619058,1.72,0.5423242908253617,D22
2018-04-06,7401,188,4,2018,0,0,none,downstream,42600,10.659609532257463,14.897619047619058,1.96,0.6729444732424258,NZ068
2018-04-10,7405,192,4,2018,1,3,short,yolo,4537,8.420021279663963,17.964608294930873,3.57,1.2725655957915476,LIS
2018-04-10,7405,192,4,2018,1,3,short,yolo,4537,8.420021279663963,17.964608294930873,4.61,1.5282278570085572,STTD
2018-04-11,7406,193,4,2018,1,4,short,upstream,54100,10.898589464834572,13.089419642857129,2.73,1.0043016091968684,SHR
2018-04-18,7413,200,4,2018,0,0,none,downstream,24200,10.094107912144779,14.371428571428572,2.2,0.7884573603642703,657
2018-04-24,7419,206,4,2018,0,0,none,upstream,14500,9.581903928408666,15.251086309523787,5.52,1.7083778602890038,SHR
2018-04-25,7420,207,4,2018,0,0,none,yolo,246,5.5053315359323625,19.111290322580658,27.3,3.3068867021909143,LIS
2018-04-25,7420,207,4,2018,0,0,none,yolo,246,5.5053315359323625,19.111290322580658,16.6,2.8094026953624978,STTD
2018-05-01,7426,213,5,2018,0,0,none,yolo,313,5.746203190540153,19.571351766513057,13.6,2.6100697927420065,LIS
2018-05-01,7426,213,5,2018,0,0,none,yolo,313,5.746203190540153,19.571351766513057,11.5,2.4423470353692043,STTD
2018-05-02,7427,214,5,2018,0,0,none,upstream,10200,9.230142999272362,17.693511904761884,6.06,1.801709800081223,SHR
2018-05-07,7432,219,5,2018,0,0,none,downstream,9680,9.177817180270623,18.063095238095244,2.1,0.7419373447293773,16
2018-05-07,7432,219,5,2018,0,0,none,downstream,9680,9.177817180270623,18.063095238095244,1.1,0.09531017980432493,34
2018-05-07,7432,219,5,2018,0,0,none,downstream,9680,9.177817180270623,18.063095238095244,1.2,0.1823215567939546,657
2018-05-10,7435,222,5,2018,0,0,none,downstream,8790,9.081369990679223,18.601785714285715,4.61,1.5282278570085572,D22
2018-05-10,7435,222,5,2018,0,0,none,downstream,8790,9.081369990679223,18.601785714285715,2.32,0.8415671856782185,NZ068
2018-05-15,7440,227,5,2018,0,0,none,yolo,392,5.971261839790462,20.221658986175115,9.97,2.299580583973747,LIS
2018-05-15,7440,227,5,2018,0,0,none,yolo,392,5.971261839790462,20.221658986175115,3.24,1.1755733298042381,STTD
2018-05-16,7441,228,5,2018,0,0,none,upstream,6970,8.84937050375457,19.43334821428573,3.32,1.199964782928397,SHR
2018-05-17,7442,229,5,2018,0,0,none,upstream,6790,8.823206220552741,19.246071428571444,5.3,1.667706820558076,USGS-11447650
2018-12-05,7644,65,12,2019,0,0,none,downstream,8380,9.033603193476129,12.055952380952371,1.2,0.1823215567939546,657
2018-12-06,7645,66,12,2019,0,0,none,upstream,11700,9.367344120785848,11.5848511904762,2.6,0.9555114450274363,USGS-11447650
2018-12-11,7650,71,12,2019,0,0,none,yolo,46,3.828641396489095,10.393559126715308,4.3,1.4586150226995167,LIS
2018-12-11,7650,71,12,2019,0,0,none,yolo,46,3.828641396489095,10.393559126715308,0.83,-0.18632957819149348,STTD
2018-12-11,7650,71,12,2019,0,0,none,downstream,8150,9.005773206234908,11.0603041695147,0.9,-0.10536051565782628,D22
2018-12-11,7650,71,12,2019,0,0,none,downstream,8150,9.005773206234908,11.0603041695147,0.55,-0.5978370007556204,NZ068
2018-12-12,7651,72,12,2019,0,0,none,upstream,9630,9.172638504792172,10.500952380952372,1.43,0.3576744442718159,SHR
2018-12-20,7659,80,12,2019,0,0,none,downstream,15500,9.648595302907339,10.599007936507958,0.3,-1.2039728043259361,16
2018-12-20,7659,80,12,2019,0,0,none,downstream,15500,9.648595302907339,10.599007936507958,0.2,-1.6094379124341003,34
2018-12-26,7665,86,12,2019,0,0,none,yolo,70,4.248495242049359,10.863314850448804,4.32,1.463255402256019,LIS
2018-12-26,7665,86,12,2019,0,0,none,yolo,70,4.248495242049359,10.863314850448804,1.63,0.4885800148186709,STTD
2018-12-27,7666,87,12,2019,0,0,none,upstream,19600,9.883284845218608,10.923553258145358,1.81,0.5933268452777344,SHR
2019-01-08,7678,100,1,2019,0,0,none,yolo,293,5.680172609017068,7.764110540622169,5.29,1.665818245870208,LIS
2019-01-08,7678,100,1,2019,0,0,none,yolo,293,5.680172609017068,7.764110540622169,4.2,1.4350845252893227,STTD
2019-01-09,7679,101,1,2019,0,0,none,upstream,26400,10.181119289134408,8.08141369047619,5.61,1.724550719534605,SHR
2019-01-10,7680,102,1,2019,0,0,none,downstream,27500,10.221941283654663,8.15952380952381,1.49,0.3987761199573678,D22
2019-01-10,7680,102,1,2019,0,0,none,downstream,27500,10.221941283654663,8.15952380952381,2.86,1.0508216248317612,NZ068
2019-01-22,7692,114,1,2019,1,3,short,yolo,4119,8.323365694436081,10.878225667312257,3.85,1.3480731482996928,LIS
2019-01-22,7692,114,1,2019,1,3,short,yolo,4119,8.323365694436081,10.878225667312257,2.9,1.0647107369924282,STTD
2019-01-23,7693,115,1,2019,1,4,short,upstream,51700,10.85321306049652,10.763080357142858,2.1,0.7419373447293773,SHR
2019-01-30,7700,122,1,2019,0,0,none,downstream,24200,10.094107912144779,10.39107142857143,2.8,1.0296194171811581,16
2019-01-30,7700,122,1,2019,0,0,none,downstream,24200,10.094107912144779,10.39107142857143,2.5,0.9162907318741551,34
2019-01-31,7701,123,1,2019,0,0,none,upstream,20700,9.93788897925346,10.471383928571433,2.6,0.9555114450274363,USGS-11447650
2019-02-04,7705,127,2,2019,0,0,none,upstream,33500,10.419300717813158,11.551666666666657,4.66,1.5390154481375546,SHR
2019-02-05,7706,128,2,2019,0,0,none,yolo,3336,8.112527763478637,12.184331797235028,2.81,1.0331844833456545,LIS
2019-02-05,7706,128,2,2019,0,0,none,yolo,3336,8.112527763478637,12.184331797235028,3.65,1.2947271675944,STTD
2019-02-05,7706,128,2,2019,0,0,none,downstream,44500,10.703244468154331,11.504166666666658,1.4,0.3364722366212129,USGS-11455478
2019-02-12,7713,135,2,2019,0,0,none,downstream,38300,10.553205175168737,9.500595238095235,1.54,0.43178241642553783,D22
2019-02-12,7713,135,2,2019,0,0,none,downstream,38300,10.553205175168737,9.500595238095235,1.58,0.4574248470388755,NZ068
2019-02-19,7720,142,2,2019,1,5,short,yolo,29159,10.280518891981744,9.242508844725798,1.66,0.5068176023684519,LIS
2019-02-19,7720,142,2,2019,1,5,short,yolo,29159,10.280518891981744,9.242508844725798,1.5,0.4054651081081644,STTD
2019-02-20,7721,143,2,2019,1,6,short,upstream,53100,10.87993220723003,8.73978014642844,1.49,0.3987761199573678,SHR
2019-02-20,7721,143,2,2019,1,6,short,downstream,102000,11.532728092266408,8.980357142857144,2.2,0.7884573603642703,657
2019-02-26,7727,149,2,2019,1,12,short,yolo,10642,9.2725637151563145,9.093086734693879,12.06,2.4898941912990393,LIS
2019-02-26,7727,149,2,2019,1,12,short,yolo,10642,9.2725637151563145,9.093086734693879,18.52,2.918851229218033,STTD
2019-02-27,7728,150,2,2019,1,13,short,upstream,53100,10.87993220723003,8.621482726992419,1.3,0.26236426446749106,SHR
2019-02-28,7729,151,2,2019,1,14,short,downstream,101000,11.522875795823397,9.04940476190476,3.3,1.1939224684724346,16
2019-02-28,7729,151,2,2019,1,14,short,downstream,101000,11.522875795823397,9.04940476190476,5.9,1.7749523509116738,34
2019-03-11,7740,162,3,2019,1,25,long,yolo,57047,10.9516307684562,11.432026215613929,1.42,0.35065687161316933,LIS
2019-03-11,7740,162,3,2019,1,25,long,yolo,57047,10.9516307684562,11.432026215613929,0.97,-0.030459207484708574,STTD
2019-03-12,7741,163,3,2019,1,26,long,upstream,58300,10.973357372338583,10.918196895563515,1.28,0.2468600779315258,SHR
2019-03-12,7741,163,3,2019,1,26,long,downstream,138000,11.835008964139341,11.1835497835498,2.7,0.9932517730102834,D22
2019-03-12,7741,163,3,2019,1,26,long,downstream,138000,11.835008964139341,11.1835497835498,2.35,0.8544153281560676,NZ068
2019-03-20,7749,171,3,2019,1,34,long,yolo,11400,9.341368634382587,12.904216041255214,12.09,2.492378664626701,LIS
2019-03-20,7749,171,3,2019,1,34,long,yolo,11400,9.341368634382587,12.904216041255214,11.58,2.449279472144849,STTD
2019-03-20,7749,171,3,2019,1,34,long,downstream,73800,11.209114010588564,12.423214285714286,12.6,2.533696813957432,657
2019-03-21,7750,172,3,2019,1,35,long,upstream,50400,10.82774645405946,12.552959154020371,4.89,1.5871923034867805,SHR
2019-03-28,7757,179,3,2019,1,42,long,yolo,7794,8.961109485898655,14.857318411235457,18.9,2.9391619220655967,LIS
2019-03-28,7757,179,3,2019,1,42,long,yolo,7794,8.961109485898655,14.857318411235457,24.7,3.2068032436339315,STTD
2019-03-28,7757,179,3,2019,1,42,long,downstream,62200,11.03811027872727,13.126190476190471,9,2.1972245773362196,16
2019-03-28,7757,179,3,2019,1,42,long,downstream,62200,11.03811027872727,13.126190476190471,3.5,1.252762968495368,34
2019-03-29,7758,180,3,2019,1,43,long,upstream,54900,10.913268627497622,12.655359124306928,2.23,0.8020015854720274,SHR
2019-04-03,7763,185,4,2019,1,48,long,upstream,53900,10.89488575689709,12.727661200202357,3.3,1.1939224684724346,USGS-11447650
2019-04-03,7763,185,4,2019,1,48,long,yolo,8246,9.017483513266844,15.151645166158586,10.5,2.3513752571634776,LIS
2019-04-03,7763,185,4,2019,1,48,long,yolo,8246,9.017483513266844,15.151645166158586,11,2.3978952727983707,STTD
2019-04-04,7764,186,4,2019,1,49,long,upstream,54900,10.913268627497622,12.791561938327957,4.08,1.4060969884160703,SHR
2019-04-08,7768,190,4,2019,1,53,long,yolo,21171,9.96038759966894,16.0132513951591,2.06,0.7227059828014898,LIS
2019-04-08,7768,190,4,2019,1,53,long,yolo,21171,9.96038759966894,16.0132513951591,4.81,1.5706970841176697,STTD
2019-04-09,7769,191,4,2019,1,54,long,upstream,56100,10.934891091510787,12.802543656015043,2.64,0.9707789171582248,SHR
2019-04-10,7770,192,4,2019,1,55,long,downstream,80300,11.293524899934853,14.222619047619057,2.69,0.9895411936137477,D22
2019-04-10,7770,192,4,2019,1,55,long,downstream,80300,11.293524899934853,14.222619047619057,3.13,1.1410330045520618,NZ068
2019-04-15,7775,197,4,2019,1,60,long,yolo,16995,9.740674462130217,14.646119157340356,2.45,0.8960880245566357,LIS
2019-04-15,7775,197,4,2019,1,60,long,yolo,16995,9.740674462130217,14.646119157340356,3.75,1.3217558399823195,STTD
2019-04-16,7776,198,4,2019,1,61,long,upstream,55200,10.918718232265187,13.3258169642857,2.26,0.8153648132841944,SHR
2019-04-22,7782,204,4,2019,0,0,none,yolo,2367,7.769378609513984,17.560883256528413,24.51,3.1990811975400213,LIS
2019-04-22,7782,204,4,2019,0,0,none,yolo,2367,7.769378609513984,17.560883256528413,17.4,2.856470206220483,STTD
2019-04-23,7783,205,4,2019,0,0,none,upstream,45900,10.734220396048636,14.45253422619047,3.76,1.324418957401803,SHR
2019-04-24,7784,206,4,2019,0,0,none,downstream,50000,10.819778284410283,15.905952380952387,1.7,0.5306282510621704,16
2019-04-24,7784,206,4,2019,0,0,none,downstream,50000,10.819778284410283,15.905952380952387,2,0.6931471805599453,34
2019-04-25,7785,207,4,2019,0,0,none,upstream,42000,10.645424897265505,15.197108630952386,5.3,1.667706820558076,USGS-11447650
2019-04-25,7785,207,4,2019,0,0,none,downstream,47300,10.764265574480024,16.273214285714285,4.5,1.5040773967762742,657
2019-05-06,7796,218,5,2019,0,0,none,yolo,154,5.0369526024136295,20.13743711658323,13.6,2.6100697927420065,LIS
2019-05-06,7796,218,5,2019,0,0,none,yolo,154,5.0369526024136295,20.13743711658323,8.87,2.182674796321488,STTD
2019-05-07,7797,219,5,2019,0,0,none,upstream,24500,10.106428396532818,15.721534226190485,0.87,-0.13926206733350766,SHR
2019-05-09,7799,221,5,2019,0,0,none,downstream,26900,10.19988156558993,16.487500000000015,2.2,0.7884573603642703,D22
2019-05-09,7799,221,5,2019,0,0,none,downstream,26900,10.19988156558993,16.487500000000015,0.89,-0.11653381625595151,NZ068
2019-05-14,7804,226,5,2019,0,0,none,downstream,23500,10.06475570013225,17.07440476190477,2.8,1.0296194171811581,657
2019-12-05,8009,65,12,2020,0,0,none,downstream,15400,9.642122788401721,10.238095238095227,0.93,-0.07257069283483537,D22
2019-12-05,8009,65,12,2020,0,0,none,downstream,15400,9.642122788401721,10.238095238095227,0.73,-0.31471074483970024,NZ068
2019-12-09,8013,69,12,2020,0,0,none,yolo,128,4.852030263919617,11.138133640553,6.72,1.9050881545350582,LIS
2019-12-09,8013,69,12,2020,0,0,none,yolo,128,4.852030263919617,11.138133640553,7.34,1.9933388426264242,STTD
2019-12-10,8014,70,12,2020,0,0,none,upstream,21600,9.980448593672257,11.478599702380958,3.52,1.2584609896100056,SHR
2019-12-17,8021,77,12,2020,0,0,none,upstream,17500,9.769956159911606,11.6452306547619,2.2,0.7884573603642703,USGS-11447650
2019-12-18,8022,78,12,2020,0,0,none,downstream,13100,9.480367509189243,11.7595238095238,0.9,-0.10536051565782628,USGS-11455478
2019-12-19,8023,79,12,2020,0,0,none,downstream,13800,9.532423871145296,11.558333333333314,1.2,0.1823215567939546,657
2019-12-26,8030,86,12,2020,0,0,none,yolo,100,4.605170185988092,9.443816081718277,4.08,1.4060969884160703,LIS
2019-12-26,8030,86,12,2020,0,0,none,yolo,100,4.605170185988092,9.443816081718277,4.82,1.572773928062509,STTD
2019-12-27,8031,87,12,2020,0,0,none,upstream,17000,9.740968623038354,9.626531250000001,2,0.6931471805599453,SHR
