"","date","chlorophyll_fin","location"
"1",2012-06-13,7.1,"cache"
"2",2012-07-12,9.6,"cache"
"3",2012-08-13,22.6,"cache"
"4",2012-09-11,5.3,"cache"
"5",2012-10-09,37.6,"cache"
"6",2012-12-06,7.39999961853027,"cache"
"7",2013-01-24,3.89999985694885,"cache"
"8",2013-02-20,6.69999980926514,"cache"
"9",2013-03-27,6.89999961853027,"cache"
"10",2013-05-01,3,"cache"
"11",2013-05-31,2.69999980926514,"cache"
"12",2013-06-28,3.79999995231628,"cache"
"13",2013-08-02,3.69999980926514,"cache"
"14",2013-09-06,4.5,"cache"
"15",2013-11-05,1.79999995231628,"cache"
"16",2014-01-31,7.79999971389771,"cache"
"17",2014-03-06,4.59999990463257,"cache"
"18",2014-04-07,3.69999980926514,"cache"
"19",2014-05-12,4.39999961853027,"cache"
"20",2014-06-24,6.19999980926514,"cache"
"21",2014-07-30,3.89999985694885,"cache"
"22",2014-08-28,2.79999995231628,"cache"
"23",2014-10-07,4.19999980926514,"cache"
"24",2014-11-18,3.19999980926514,"cache"
"25",2014-12-18,12.5999994277954,"cache"
"26",2015-01-27,3.5,"cache"
"27",2015-03-09,7.59999990463257,"cache"
"28",2015-04-22,3.59999990463257,"cache"
"29",2015-05-27,3.59999990463257,"cache"
"30",2015-07-08,3.89999985694885,"cache"
"31",2015-08-20,3.5,"cache"
"32",2015-10-27,1.19999992847443,"cache"
"33",2015-12-08,1.9,"cache"
"34",2015-12-17,3,"cache"
"35",2016-01-05,1.3,"cache"
"36",2016-01-07,3.7,"cache"
"37",2016-01-21,2.5,"cache"
"38",2016-02-03,3.79999995231628,"cache"
"39",2016-02-09,1.4,"cache"
"40",2016-02-11,3,"cache"
"41",2016-02-18,1.7,"cache"
"42",2016-03-02,4.59999990463257,"cache"
"43",2016-03-08,5,"cache"
"44",2016-03-22,4.4,"cache"
"45",2016-03-31,6.8,"cache"
"46",2016-04-04,16.5,"cache"
"47",2016-04-05,8.5,"cache"
"48",2016-04-26,8.9,"cache"
"49",2016-04-28,11.2999992370605,"cache"
"50",2016-05-06,38.3,"cache"
"51",2016-05-10,20.3,"cache"
"52",2016-05-24,3.7,"cache"
"53",2016-05-25,8.8,"cache"
"54",2016-06-07,10,"cache"
"55",2016-06-08,2.3,"cache"
"56",2016-06-09,8.6,"cache"
"57",2016-06-16,27.4,"cache"
"58",2016-06-28,9.4,"cache"
"59",2016-06-30,3.6,"cache"
"60",2016-07-12,3.3,"cache"
"61",2016-07-26,5.5,"cache"
"62",2016-08-03,7.6,"cache"
"63",2016-08-09,3,"cache"
"64",2016-08-23,8.4,"cache"
"65",2016-08-24,5.3,"cache"
"66",2016-08-30,2.5,"cache"
"67",2016-09-20,1.3,"cache"
"68",2016-09-29,2.1,"cache"
"69",2016-10-12,1.1,"cache"
"70",2016-10-20,1.9,"cache"
"71",2016-10-27,1.6,"cache"
"72",2016-11-09,1,"cache"
"73",2016-11-14,1.2,"cache"
"74",2016-11-17,1,"cache"
"75",2016-12-08,1,"cache"
"76",2016-12-15,1.6,"cache"
"77",2016-12-22,6.2,"cache"
"78",2017-02-07,18.2,"cache"
"79",2017-02-14,7,"cache"
"80",2017-03-01,0.7,"cache"
"81",2017-03-08,14.1,"cache"
"82",2017-03-13,20.5,"cache"
"83",2017-03-15,21,"cache"
"84",2017-04-05,13.4,"cache"
"85",2017-04-11,5.6,"cache"
"86",2017-05-02,6.15,"cache"
"87",2017-05-09,16.1,"cache"
"88",2017-05-17,2.1,"cache"
"89",2017-06-06,1.8,"cache"
"90",2017-06-07,2.6,"cache"
"91",2017-06-19,1.4,"cache"
"92",2017-06-27,2.3,"cache"
"93",2017-07-11,2.4,"cache"
"94",2017-07-13,2,"cache"
"95",2017-07-20,1,"cache"
"96",2017-08-10,11.1,"cache"
"97",2017-08-15,6.1,"cache"
"98",2017-08-22,2.2,"cache"
"99",2017-08-24,1.6,"cache"
"100",2017-09-07,3.2,"cache"
"101",2017-09-12,1.1,"cache"
"102",2017-09-13,4.4,"cache"
"103",2017-09-14,2.6,"cache"
"104",2017-09-19,1.4,"cache"
"105",2017-09-26,0.4,"cache"
"106",2017-10-10,2.1,"cache"
"107",2017-10-11,3,"cache"
"108",2017-10-12,1.1,"cache"
"109",2017-10-24,1.6,"cache"
"110",2017-11-02,0.5,"cache"
"111",2017-11-09,1.1,"cache"
"112",2017-11-15,2.3,"cache"
"113",2017-11-16,0.7,"cache"
"114",2017-11-21,0.9,"cache"
"115",2017-12-05,4.7,"cache"
"116",2017-12-07,1.5,"cache"
"117",2017-12-14,1.3,"cache"
"118",2017-12-18,2.8,"cache"
"119",2018-01-09,12.7,"cache"
"120",2018-01-11,2.1,"cache"
"121",2018-01-30,1.3,"cache"
"122",2018-02-06,8.3,"cache"
"123",2018-02-08,1.6,"cache"
"124",2018-02-13,2.6,"cache"
"125",2018-03-05,2.6,"cache"
"126",2018-03-06,2.1,"cache"
"127",2018-03-08,13.3,"cache"
"128",2018-03-15,1.4,"cache"
"129",2018-03-28,4.2,"cache"
"130",2018-04-02,2.9,"cache"
"131",2018-04-03,1.6,"cache"
"132",2018-04-05,7,"cache"
"133",2018-04-10,1.7,"cache"
"134",2018-04-12,2.7,"cache"
"135",2018-04-18,1.3,"cache"
"136",2018-04-19,2.41666666666667,"cache"
"137",2018-04-20,2.9,"cache"
"138",2018-04-24,2.92222222222222,"cache"
"139",2018-04-25,2.1,"cache"
"140",2018-04-26,2.03333333333333,"cache"
"141",2018-05-07,2,"cache"
"142",2018-05-08,1.1,"cache"
"143",2018-05-10,4,"cache"
"144",2018-05-15,1.5,"cache"
"145",2018-05-17,1.5,"cache"
"146",2018-05-30,1.4,"cache"
"147",2018-06-06,1.5,"cache"
"148",2018-06-07,1.1,"cache"
"149",2018-07-10,1.4,"cache"
"150",2018-07-12,2,"cache"
"151",2018-07-17,1.4,"cache"
"152",2018-07-26,2,"cache"
"153",2018-08-01,1.9,"cache"
"154",2018-08-14,1.91666666666667,"cache"
"155",2018-08-15,1.7,"cache"
"156",2018-08-16,1.39999997615814,"cache"
"157",2018-08-23,2.7,"cache"
"158",2018-09-05,1.7,"cache"
"159",2018-09-13,1.8,"cache"
"160",2018-09-19,3.7,"cache"
"161",2018-09-26,1.5,"cache"
"162",2018-10-02,0.7,"cache"
"163",2018-10-10,0.7,"cache"
"164",2018-10-16,0.6,"cache"
"165",2018-10-17,0.7,"cache"
"166",2018-10-18,2.1,"cache"
"167",2018-11-28,1,"cache"
"168",2018-12-20,1.2,"cache"
"169",2019-01-30,4.4,"cache"
"170",2019-02-05,2,"cache"
"171",2019-02-28,18.8,"cache"
"172",2019-03-19,12.9,"cache"
"173",2019-03-28,10.5,"cache"
"174",2019-04-10,17.2,"cache"
"175",2019-04-16,3,"cache"
"176",2019-04-17,8.96666666666667,"cache"
"177",2019-04-24,5.8,"cache"
"178",2019-04-30,2.9,"cache"
"179",2019-05-01,3.76666666666667,"cache"
"180",2019-05-29,3.8,"cache"
"181",2019-06-13,1.8,"cache"
"182",2019-06-27,2.4,"cache"
"183",2019-07-02,1.2,"cache"
"184",2019-07-30,3,"cache"
"185",2019-08-06,1.6,"cache"
"186",2019-08-27,2.4,"cache"
"187",2019-09-05,1.025,"cache"
"188",2019-09-17,1.4,"cache"
"189",2019-10-11,1.7,"cache"
"190",2019-10-17,1.2,"cache"
"191",2019-10-22,1,"cache"
"192",2019-12-11,1.15,"cache"
"193",2019-12-18,1,"cache"
"194",1998-01-09,1,"below"
"195",1998-03-10,5.52,"below"
"196",1998-04-23,5.05,"below"
"197",1998-05-21,1.26,"below"
"198",1998-06-19,1.28,"below"
"199",1998-07-20,2.05,"below"
"200",1998-08-14,2.38,"below"
"201",1998-09-15,1.4,"below"
"202",1998-10-19,2.07,"below"
"203",1998-11-16,1.1,"below"
"204",1998-12-16,1.8,"below"
"205",1999-01-12,2.3,"below"
"206",1999-02-11,2.1,"below"
"207",1999-03-12,3.7,"below"
"208",1999-04-12,2.95,"below"
"209",1999-05-11,2.76,"below"
"210",1999-06-09,2.13,"below"
"211",1999-07-08,2.17,"below"
"212",1999-08-05,1.37,"below"
"213",1999-09-20,2.14,"below"
"214",1999-11-18,1.66,"below"
"215",1999-12-17,1.3,"below"
"216",2000-02-16,1.78,"below"
"217",2000-03-15,2.69,"below"
"218",2000-04-13,3.51,"below"
"219",2000-05-15,2.54,"below"
"220",2000-06-12,1.81,"below"
"221",2000-07-10,2.68,"below"
"222",2000-09-07,2.56,"below"
"223",2000-10-05,2.02,"below"
"224",2000-11-06,0.68,"below"
"225",2000-12-06,1.75,"below"
"226",2001-01-05,1.21,"below"
"227",2001-02-05,1.24,"below"
"228",2001-03-19,2.29,"below"
"229",2001-04-17,2.81,"below"
"230",2001-05-17,6.53,"below"
"231",2001-06-14,2.49,"below"
"232",2001-07-16,2.94,"below"
"233",2001-08-14,3.4,"below"
"234",2001-09-12,1.84,"below"
"235",2001-10-11,1.65,"below"
"236",2001-11-13,1.88,"below"
"237",2001-12-10,1.61,"below"
"238",2002-01-09,1.37,"below"
"239",2002-02-07,1.86,"below"
"240",2002-03-07,1.14,"below"
"241",2002-04-08,6.02,"below"
"242",2002-05-06,6.42,"below"
"243",2002-06-05,3.2,"below"
"244",2002-07-18,3.6,"below"
"245",2002-08-16,2.87,"below"
"246",2002-09-16,2.81,"below"
"247",2002-10-15,1.56,"below"
"248",2002-11-14,1.33,"below"
"249",2002-12-12,2.13,"below"
"250",2003-01-13,0.94,"below"
"251",2003-02-10,1.48,"below"
"252",2003-03-13,3.79,"below"
"253",2003-04-11,4.07,"below"
"254",2003-05-12,4.29,"below"
"255",2003-06-10,1.59,"below"
"256",2003-07-22,2.53,"below"
"257",2003-08-07,2.03,"below"
"258",2003-09-04,3.21,"below"
"259",2003-10-20,2.56,"below"
"260",2003-11-19,0.71,"below"
"261",2003-12-18,1.32,"below"
"262",2004-01-22,1.48,"below"
"263",2004-02-19,1.38,"below"
"264",2004-03-17,6.84,"below"
"265",2004-04-14,3.3,"below"
"266",2004-05-13,2.58,"below"
"267",2004-06-09,3.35,"below"
"268",2004-07-08,2.85,"below"
"269",2004-09-23,1.63,"below"
"270",2004-10-21,1.99,"below"
"271",2004-11-22,1.24,"below"
"272",2004-12-21,0.19,"below"
"273",2005-01-20,1.05,"below"
"274",2005-02-17,0.93,"below"
"275",2005-04-19,1.69,"below"
"276",2005-05-19,0.98,"below"
"277",2005-06-16,1.42,"below"
"278",2005-07-14,2.4,"below"
"279",2005-08-11,3.97,"below"
"280",2005-09-26,2.81,"below"
"281",2005-10-25,1.8,"below"
"282",2005-11-22,1.79,"below"
"283",2005-12-22,0.95,"below"
"284",2006-01-24,3.6,"below"
"285",2006-02-22,3.02,"below"
"286",2006-03-23,7.9,"below"
"287",2006-04-24,4.49,"below"
"288",2006-05-22,1.35,"below"
"289",2006-06-26,2.64,"below"
"290",2006-07-18,2.39,"below"
"291",2006-08-16,2.7,"below"
"292",2006-09-14,2.36,"below"
"293",2006-10-16,1.95,"below"
"294",2007-01-16,1.2,"below"
"295",2007-02-14,2.29,"below"
"296",2007-03-13,1.35,"below"
"297",2007-04-12,2.22,"below"
"298",2007-05-10,1.69,"below"
"299",2007-06-11,2.16,"below"
"300",2007-07-20,2.37,"below"
"301",2007-08-20,3.26,"below"
"302",2007-09-19,2.87,"below"
"303",2007-10-17,1.42,"below"
"304",2007-12-17,2.05,"below"
"305",2008-01-16,1.19,"below"
"306",2008-02-15,1.87,"below"
"307",2008-03-14,0.53,"below"
"308",2008-04-14,11,"below"
"309",2008-05-12,5.45,"below"
"310",2008-06-11,3.96,"below"
"311",2008-07-09,3.5,"below"
"312",2008-08-11,2.22,"below"
"313",2008-09-05,2.5,"below"
"314",2008-10-06,2.6,"below"
"315",2008-11-19,1.21,"below"
"316",2008-12-05,2.31,"below"
"317",2009-01-16,2.95,"below"
"318",2009-02-19,2.44,"below"
"319",2009-03-20,0.97,"below"
"320",2009-04-17,1.41,"below"
"321",2009-05-18,2.6,"below"
"322",2009-06-17,3,"below"
"323",2009-07-15,3.05,"below"
"324",2009-08-14,5.6,"below"
"325",2009-09-11,3.27,"below"
"326",2009-10-09,1.77,"below"
"327",2009-11-06,2.18,"below"
"328",2009-12-10,2.63,"below"
"329",2010-01-08,1.41,"below"
"330",2010-02-08,1.47,"below"
"331",2010-03-10,0.8,"below"
"332",2010-04-07,1.74,"below"
"333",2010-05-07,4.38,"below"
"334",2010-06-04,1.35,"below"
"335",2010-07-06,5.99,"below"
"336",2010-08-04,6.3,"below"
"337",2010-09-15,2.76,"below"
"338",2010-10-14,1.82,"below"
"339",2010-11-15,1.82,"below"
"340",2010-12-15,0.94,"below"
"341",2011-01-14,1.05,"below"
"342",2011-02-14,1.86,"below"
"343",2011-03-14,1.91,"below"
"344",2011-04-13,9.29,"below"
"345",2011-05-12,4.74,"below"
"346",2011-06-08,1.6,"below"
"347",2011-07-08,1.52,"below"
"348",2011-08-23,5.97,"below"
"349",2011-09-21,7.16,"below"
"350",2011-11-18,5.34,"below"
"351",2011-12-19,1.37,"below"
"352",2012-01-19,1.79,"below"
"353",2012-02-15,2.21,"below"
"354",2012-03-16,1.63,"below"
"355",2012-04-13,1.4,"below"
"356",2012-05-14,2.32,"below"
"357",2012-07-11,4.22,"below"
"358",2012-08-09,5.69,"below"
"359",2012-09-07,3.36,"below"
"360",2012-10-08,61.3,"below"
"361",2012-11-07,1.1,"below"
"362",2012-12-10,0.93,"below"
"363",2013-01-22,1.24,"below"
"364",2013-02-21,1.34,"below"
"365",2013-03-22,3.46,"below"
"366",2013-04-22,8.12,"below"
"367",2013-05-20,2.88,"below"
"368",2013-06-18,3.36,"below"
"369",2013-07-17,4.44,"below"
"370",2013-08-14,2.62,"below"
"371",2013-09-25,2.82,"below"
"372",2013-10-11,2.21,"below"
"373",2013-11-12,1.36,"below"
"374",2013-12-11,1.51,"below"
"375",2014-01-10,1.65,"below"
"376",2014-02-10,2.2,"below"
"377",2014-03-10,1.11,"below"
"378",2014-04-09,2.25,"below"
"379",2014-05-09,4.19,"below"
"380",2014-06-06,2.18,"below"
"381",2014-07-07,11.96,"below"
"382",2014-08-19,2.84,"below"
"383",2014-09-18,5.19,"below"
"384",2014-10-03,2.3,"below"
"385",2014-11-14,1.45,"below"
"386",2014-12-17,1.5,"below"
"387",2015-01-16,0.37,"below"
"388",2015-02-13,1.87,"below"
"389",2015-03-13,9.37,"below"
"390",2015-04-13,2.97,"below"
"391",2015-05-13,1.36,"below"
"392",2015-06-10,2.76,"below"
"393",2015-07-10,2.82,"below"
"394",2015-08-25,2.54,"below"
"395",2015-09-22,1.72,"below"
"396",2015-10-21,1.4,"below"
"397",2015-11-04,0.85,"below"
"398",2015-12-04,2.87,"below"
"399",2016-01-06,2.58,"below"
"400",2016-03-04,3.46,"below"
"401",2016-04-15,3.03,"below"
"402",2016-05-13,58.8,"below"
"403",2016-06-13,10.62,"below"
"404",2016-07-13,6.34,"below"
"405",2016-08-10,11.56,"below"
"406",2016-09-12,2.06,"below"
"407",2016-10-24,2,"below"
"408",2016-11-07,2,"below"
"409",2016-12-09,1.43,"below"
"410",2017-01-09,2.35,"below"
"411",2017-02-08,5.02,"below"
"412",2017-03-08,5.29,"below"
"413",2017-05-19,1.42,"below"
"414",2017-06-14,2.14,"below"
"415",2017-07-13,10.58,"below"
"416",2017-08-10,3.53,"below"
"417",2017-09-11,2.45,"below"
"418",2017-10-09,1.91,"below"
"419",2017-11-09,1.22,"below"
"420",2017-12-08,1.18,"below"
"421",2018-01-05,1.71,"below"
"422",2018-02-05,1.45,"below"
"423",2018-03-09,1.54,"below"
"424",2018-04-06,1.96,"below"
"425",2018-05-10,2.32,"below"
"426",2018-06-05,1.74,"below"
"427",2018-07-18,3.96,"below"
"428",2018-08-02,2.89,"below"
"429",2018-09-13,1.63,"below"
"430",2018-10-12,1.07,"below"
"431",2018-11-20,1.12,"below"
"432",2018-12-11,0.55,"below"
"433",2019-01-10,2.86,"below"
"434",2019-02-12,1.58,"below"
"435",2019-03-12,2.35,"below"
"436",2019-04-10,3.13,"below"
"437",2019-05-09,0.89,"below"
"438",2019-06-11,0.93,"below"
"439",2019-07-08,0.61,"below"
"440",2019-08-08,2.28,"below"
"441",2019-09-06,1.03,"below"
"442",2019-10-07,1.04,"below"
"443",2019-11-06,1.22,"below"
"444",2019-12-05,0.73,"below"
"445",2012-06-13,2.1,"below"
"446",2012-07-12,4.2,"below"
"447",2012-08-13,3.3,"below"
"448",2012-10-09,18.5,"below"
"449",2012-12-06,5.69999980926514,"below"
"450",2013-01-24,3.09999990463257,"below"
"451",2013-02-20,4.29999971389771,"below"
"452",2013-03-27,2.39999985694885,"below"
"453",2013-05-01,3.19999980926514,"below"
"454",2013-05-31,1.29999995231628,"below"
"455",2013-06-28,1.29999995231628,"below"
"456",2013-08-02,1.39999997615814,"below"
"457",2013-09-06,0.899999976158142,"below"
"458",2013-11-05,1.09999990463257,"below"
"459",2014-01-31,2.59999990463257,"below"
"460",2014-03-06,3.5,"below"
"461",2014-04-07,2.29999995231628,"below"
"462",2014-05-12,2.69999980926514,"below"
"463",2014-06-24,1.89999997615814,"below"
"464",2014-07-30,2.09999990463257,"below"
"465",2014-08-28,1.39999997615814,"below"
"466",2014-10-07,2.29999995231628,"below"
"467",2014-12-18,6.09999990463257,"below"
"468",2015-01-27,1.39999997615814,"below"
"469",2015-03-09,2.39999985694885,"below"
"470",2015-04-22,7.09999990463257,"below"
"471",2015-05-27,2,"below"
"472",2015-07-08,3.79999995231628,"below"
"473",2015-08-20,3.29999995231628,"below"
"474",2015-10-27,1,"below"
"475",2016-02-03,4.39999961853027,"below"
"476",2016-03-02,0.899999976158142,"below"
"477",2016-04-04,2.89999985694885,"below"
"478",2016-04-28,3.5,"below"
"479",2016-06-07,1.69999992847443,"below"
"480",2016-06-30,1.9,"below"
"481",2016-07-26,1.79999995231628,"below"
"482",2016-09-29,1.3,"below"
"483",2016-10-27,1,"below"
"484",2016-12-22,3.1,"below"
"485",2017-02-14,6.9,"below"
"486",2017-03-13,5.9,"below"
"487",2017-04-05,3.5,"below"
"488",2017-05-17,0.7,"below"
"489",2017-06-19,0.9,"below"
"490",2017-07-20,1.3,"below"
"491",2017-08-24,2.3,"below"
"492",2017-09-26,0.3,"below"
"493",2017-11-02,0.3,"below"
"494",2017-12-18,2.3,"below"
"495",2018-01-30,1.6,"below"
"496",2018-03-05,2.8,"below"
"497",2018-04-02,1.8,"below"
"498",2018-06-06,1.5,"below"
"499",2018-08-16,4.69999980926514,"below"
"500",2018-09-19,1.5,"below"
"501",2018-10-18,0.4,"below"
"502",2018-12-20,0.2,"below"
"503",2019-01-30,2.5,"below"
"504",2019-02-28,5.9,"below"
"505",2019-03-28,3.5,"below"
"506",2019-04-24,2,"below"
"507",2019-05-29,2.2,"below"
"508",2019-06-27,1.2,"below"
"509",2019-07-30,1.4,"below"
"510",2019-08-27,1.2,"below"
"511",2019-10-22,1.1,"below"
"512",2015-12-16,8.2,"below"
"513",1998-01-06,1.9,"below"
"514",1998-02-18,1.3,"below"
"515",1998-03-17,12.6,"below"
"516",1998-04-14,12.7,"below"
"517",1998-05-19,2.1,"below"
"518",1998-06-17,2.2,"below"
"519",1998-07-21,2.6,"below"
"520",1998-08-11,2.7,"below"
"521",1998-11-10,1.5,"below"
"522",1999-01-21,2.7,"below"
"523",1999-02-10,2.2,"below"
"524",1999-03-09,3.3,"below"
"525",1999-05-07,4.8,"below"
"526",1999-06-07,2.5,"below"
"527",1999-08-17,3,"below"
"528",1999-09-14,3.2,"below"
"529",1999-10-19,1.9,"below"
"530",1999-11-10,1.3,"below"
"531",1999-12-14,1.2,"below"
"532",2000-01-11,2.1,"below"
"533",2000-02-08,1.5,"below"
"534",2000-03-07,1.7,"below"
"535",2000-04-04,3.3,"below"
"536",2000-05-16,1.9,"below"
"537",2000-06-13,2.8,"below"
"538",2000-07-11,2,"below"
"539",2000-08-08,2.3,"below"
"540",2000-09-05,2.1,"below"
"541",2000-10-10,1.3,"below"
"542",2000-11-07,1.5,"below"
"543",2000-12-12,1.4,"below"
"544",2001-02-06,1.9,"below"
"545",2001-02-26,1.8,"below"
"546",2001-03-27,2.4,"below"
"547",2001-04-24,3.7,"below"
"548",2001-05-24,4.2,"below"
"549",2001-06-19,3.4,"below"
"550",2001-07-17,4.1,"below"
"551",2001-09-11,3.4,"below"
"552",2001-11-27,2.8,"below"
"553",2002-01-22,5.9,"below"
"554",2002-03-19,5.7,"below"
"555",2002-04-16,12,"below"
"556",2002-05-07,8.9,"below"
"557",2002-07-16,4.8,"below"
"558",2002-08-20,2.5,"below"
"559",2002-09-10,7.8,"below"
"560",2002-10-08,3.8,"below"
"561",2002-11-13,2.9,"below"
"562",2002-12-10,2.3,"below"
"563",2003-01-07,0.9,"below"
"564",2003-02-19,2.3,"below"
"565",2003-05-20,5.3,"below"
"566",2003-06-17,3.6,"below"
"567",2003-07-15,3.3,"below"
"568",2003-08-12,3,"below"
"569",2003-09-09,3.6,"below"
"570",2003-10-15,3.1,"below"
"571",2003-11-18,2.3,"below"
"572",2003-12-16,1.7,"below"
"573",2004-01-13,1.2,"below"
"574",2004-02-10,1.8,"below"
"575",2004-03-09,5.1,"below"
"576",2004-04-20,3,"below"
"577",2004-05-18,3.7,"below"
"578",2004-06-22,4.2,"below"
"579",2004-07-27,2.5,"below"
"580",2004-08-24,2.4,"below"
"581",2004-09-14,3.8,"below"
"582",2004-12-14,2.1,"below"
"583",2005-01-11,1.1,"below"
"584",2005-02-23,1.9,"below"
"585",2005-03-22,3.3,"below"
"586",2005-04-12,4,"below"
"587",2005-05-10,2.8,"below"
"588",2005-09-07,2.4,"below"
"589",2005-10-12,1.5,"below"
"590",2005-11-08,0.9,"below"
"591",2006-01-10,1,"below"
"592",2006-02-14,4.2,"below"
"593",2006-03-15,3.1,"below"
"594",2006-04-11,3.7,"below"
"595",2006-08-15,3.4,"below"
"596",2006-09-12,4,"below"
"597",2006-10-17,1.4,"below"
"598",2006-11-14,1.5,"below"
"599",2006-12-12,2.6,"below"
"600",2007-01-09,2.1,"below"
"601",2007-02-06,4.6,"below"
"602",2007-03-06,2.3,"below"
"603",2007-04-03,2.4,"below"
"604",2007-09-11,2.6,"below"
"605",2007-10-23,2.5,"below"
"606",2007-11-14,3.9,"below"
"607",2007-12-11,1.2,"below"
"608",2008-03-11,1.4,"below"
"609",2008-05-06,2.8,"below"
"610",2008-06-17,3.3,"below"
"611",2008-07-15,3.5,"below"
"612",2008-08-19,4.2,"below"
"613",2008-09-16,2.9,"below"
"614",2008-10-15,2.1,"below"
"615",2008-11-18,1.2,"below"
"616",2008-12-16,1.9,"below"
"617",2009-01-13,2.8,"below"
"618",2009-02-10,2.7,"below"
"619",2009-03-12,1.7,"below"
"620",2009-04-16,1.9,"below"
"621",2009-05-19,1.8,"below"
"622",2009-06-23,3.7,"below"
"623",2009-07-21,3.2,"below"
"624",2009-08-27,2.3,"below"
"625",2009-09-22,3.8,"below"
"626",2009-10-29,1.7,"below"
"627",2009-11-18,2,"below"
"628",2009-12-03,1.8,"below"
"629",2010-01-05,1.6,"below"
"630",2010-02-23,2.8,"below"
"631",2010-03-30,1.8,"below"
"632",2010-04-13,1.5,"below"
"633",2010-05-20,1.3,"below"
"634",2010-06-15,2.4,"below"
"635",2010-07-13,3.2,"below"
"636",2010-08-17,2.8,"below"
"637",2010-09-14,2.8,"below"
"638",2010-10-26,1.4,"below"
"639",2010-12-16,2.6,"below"
"640",2011-01-11,1.4,"below"
"641",2011-02-09,2.3,"below"
"642",2011-03-29,2,"below"
"643",2011-04-19,6.2,"below"
"644",2011-06-14,2.6,"below"
"645",2011-07-12,1.6,"below"
"646",2011-08-16,2.6,"below"
"647",2011-09-20,3.2,"below"
"648",2011-10-18,6.5,"below"
"649",2011-11-15,2.4,"below"
"650",2012-01-10,2.5,"below"
"651",2012-03-20,2.7,"below"
"652",2012-04-11,1.3,"below"
"653",2012-05-23,1.7,"below"
"654",2012-06-19,1.8,"below"
"655",2012-07-17,2.2,"below"
"656",2012-08-07,1.8,"below"
"657",2012-09-11,1.8,"below"
"658",2012-10-03,30.5,"below"
"659",2012-11-06,1.1,"below"
"660",2012-12-04,2.4,"below"
"661",2013-01-15,2,"below"
"662",2013-02-26,2.3,"below"
"663",2013-03-26,4,"below"
"664",2013-04-23,5.6,"below"
"665",2013-07-23,2.7,"below"
"666",2013-08-28,1.4,"below"
"667",2013-09-26,1.8,"below"
"668",2013-10-25,1.5,"below"
"669",2013-11-19,2.5,"below"
"670",2013-12-03,1.8,"below"
"671",2014-01-14,3.5,"below"
"672",2014-02-11,5.3,"below"
"673",2014-03-11,2.3,"below"
"674",2014-06-10,3.5,"below"
"675",2014-07-15,2.7,"below"
"676",2014-08-12,2.8,"below"
"677",2014-09-16,3.8,"below"
"678",2014-10-15,2.9,"below"
"679",2014-11-18,1.7,"below"
"680",2015-01-22,0.9,"below"
"681",2015-02-18,1.6,"below"
"682",2015-03-17,3.4,"below"
"683",2015-04-21,4.4,"below"
"684",2015-05-19,2.1,"below"
"685",2015-07-21,5.1,"below"
"686",2015-08-26,2.1,"below"
"687",2015-09-24,2.8,"below"
"688",2015-10-15,2.9,"below"
"689",2016-02-10,1.9,"below"
"690",2016-03-09,3.4,"below"
"691",2016-08-24,12.5,"below"
"692",2016-09-20,1.2,"below"
"693",2016-10-18,1.1,"below"
"694",2016-12-13,1.5,"below"
"695",2017-03-21,4.5,"below"
"696",2017-04-18,7.1,"below"
"697",2017-06-22,2.4,"below"
"698",2017-07-25,0.5,"below"
"699",2017-08-22,2.3,"below"
"700",2017-09-19,2.3,"below"
"701",2017-10-18,2.5,"below"
"702",2017-11-14,1.5,"below"
"703",2017-12-06,1.4,"below"
"704",2018-01-10,3.3,"below"
"705",2018-02-07,2.2,"below"
"706",2018-03-15,1.4,"below"
"707",2018-04-18,2.2,"below"
"708",2018-05-07,1.2,"below"
"709",2018-06-11,1.6,"below"
"710",2018-07-12,2.3,"below"
"711",2018-08-14,1.4,"below"
"712",2018-09-18,1.2,"below"
"713",2018-10-17,1.8,"below"
"714",2018-12-05,1.2,"below"
"715",2019-02-20,2.2,"below"
"716",2019-03-20,12.6,"below"
"717",2019-04-25,4.5,"below"
"718",2019-05-14,2.8,"below"
"719",2019-06-04,1.4,"below"
"720",2019-07-01,1.4,"below"
"721",2019-08-01,1.9,"below"
"722",2019-09-18,1.2,"below"
"723",2019-10-23,1.7,"below"
"724",2019-11-13,1.4,"below"
"725",2019-12-19,1.2,"below"
"726",2015-12-10,3.8,"below"
"727",2016-07-12,5,"below"
"728",2016-12-08,1.5,"below"
"729",2016-01-05,2.7,"below"
"730",2016-05-10,38.2,"below"
"731",2016-05-06,35.9,"below"
"732",2017-07-18,5.8,"below"
"733",2019-04-16,2.5,"below"
"734",2017-05-02,3.9,"below"
"735",2017-12-14,1.1,"below"
"736",2016-05-25,2.6,"below"
"737",2017-07-17,5.8,"below"
"738",2016-06-08,7.3,"below"
"739",2016-11-09,2.4,"below"
"740",2017-02-07,9.1,"below"
"741",2017-06-20,2,"below"
"742",2016-08-09,10.9,"below"
"743",2016-10-12,1.5,"below"
"744",2017-01-11,2.6,"below"
"745",2016-02-09,1.4,"below"
"746",2016-06-09,4.7,"below"
"747",2016-03-08,5.4,"below"
"748",2017-04-27,3.2,"below"
"749",2018-10-02,1.2,"below"
"750",2017-09-14,1.9,"below"
"751",2016-06-28,27.6,"below"
"752",2018-07-26,20.4,"below"
"753",2017-06-27,3,"below"
"754",2016-04-05,5,"below"
"755",2019-08-06,6,"below"
"756",2018-08-23,3.3,"below"
"757",2018-05-17,1.7,"below"
"758",2017-11-21,1,"below"
"759",2017-10-24,4.1,"below"
"760",2018-03-26,1.7,"below"
"761",2019-09-17,2.3,"below"
"762",2019-02-05,1.4,"below"
"763",2019-06-13,1.1,"below"
"764",2018-02-13,1.8,"below"
"765",2018-09-05,2.5,"below"
"766",2018-06-14,4.1,"below"
"767",2017-06-01,2,"below"
"768",2018-04-10,2.2,"below"
"769",2019-03-19,5.9,"below"
"770",2019-12-18,0.9,"below"
"771",2009-02-11,10,"yolo"
"772",2009-02-27,5.45,"yolo"
"773",2009-03-12,14.85,"yolo"
"774",2009-03-25,11.85,"yolo"
"775",2009-04-08,19.33,"yolo"
"776",2009-04-23,53.83,"yolo"
"777",2009-05-07,31.29,"yolo"
"778",2009-06-03,8.65,"yolo"
"779",2009-06-18,7.48,"yolo"
"780",2010-01-06,2.45,"yolo"
"781",2010-01-13,1.77,"yolo"
"782",2010-01-21,12.4,"yolo"
"783",2010-01-26,2.09,"yolo"
"784",2010-02-03,3.51,"yolo"
"785",2010-02-10,4.49,"yolo"
"786",2010-02-17,12.2,"yolo"
"787",2010-02-24,8.12,"yolo"
"788",2010-03-03,5.51,"yolo"
"789",2010-03-17,10.15,"yolo"
"790",2010-04-12,16.1,"yolo"
"791",2010-04-28,3.61,"yolo"
"792",2010-05-13,26.06,"yolo"
"793",2010-05-27,9.08,"yolo"
"794",2011-01-12,3.17,"yolo"
"795",2011-01-26,4.29,"yolo"
"796",2011-02-09,4.25,"yolo"
"797",2011-02-23,3.93,"yolo"
"798",2011-03-09,5.66,"yolo"
"799",2011-03-29,6.17,"yolo"
"800",2011-04-13,16.4,"yolo"
"801",2011-04-22,10.15,"yolo"
"802",2011-05-04,7.48,"yolo"
"803",2011-05-19,23.7,"yolo"
"804",2011-06-01,9.29,"yolo"
"805",2011-06-15,12.6,"yolo"
"806",2011-06-29,7.37,"yolo"
"807",2011-07-13,7.16,"yolo"
"808",2011-07-26,6.3,"yolo"
"809",2011-08-10,6.84,"yolo"
"810",2011-08-24,6.84,"yolo"
"811",2011-09-07,23.71,"yolo"
"812",2011-09-20,12.1,"yolo"
"813",2011-10-06,18.2,"yolo"
"814",2011-10-19,17.05,"yolo"
"815",2011-11-02,27.66,"yolo"
"816",2011-11-15,6.62,"yolo"
"817",2011-11-30,3.84,"yolo"
"818",2011-12-14,4.33,"yolo"
"819",2011-12-29,8.53,"yolo"
"820",2012-01-11,3.86,"yolo"
"821",2012-01-24,5.98,"yolo"
"822",2012-02-08,7.05,"yolo"
"823",2012-03-07,15.38,"yolo"
"824",2012-03-22,3.65,"yolo"
"825",2012-04-04,4.59,"yolo"
"826",2012-04-16,7.8,"yolo"
"827",2012-05-02,10.79,"yolo"
"828",2012-05-17,4.7,"yolo"
"829",2012-05-31,3.9,"yolo"
"830",2012-06-13,4.89,"yolo"
"831",2012-06-25,6.73,"yolo"
"832",2012-07-10,7.52,"yolo"
"833",2012-07-25,9.29,"yolo"
"834",2012-08-07,8.22,"yolo"
"835",2012-08-21,7.05,"yolo"
"836",2012-08-31,39.3,"yolo"
"837",2012-09-04,11.2,"yolo"
"838",2012-09-05,10.2,"yolo"
"839",2012-09-07,6.51,"yolo"
"840",2012-09-11,6.51,"yolo"
"841",2012-09-14,9.72,"yolo"
"842",2012-09-17,12.3,"yolo"
"843",2012-09-21,11.9,"yolo"
"844",2012-09-25,15,"yolo"
"845",2012-10-19,20.3,"yolo"
"846",2012-10-30,8.86,"yolo"
"847",2012-11-13,7.26,"yolo"
"848",2012-11-29,8.01,"yolo"
"849",2012-12-12,4.04,"yolo"
"850",2012-12-27,2.95,"yolo"
"851",2013-01-03,1.72,"yolo"
"852",2013-01-08,4.71,"yolo"
"853",2013-01-18,4.84,"yolo"
"854",2013-01-24,6.62,"yolo"
"855",2013-01-30,7.37,"yolo"
"856",2013-02-08,5.98,"yolo"
"857",2013-02-13,5.55,"yolo"
"858",2013-02-22,5.98,"yolo"
"859",2013-02-27,13.03,"yolo"
"860",2013-03-06,13.56,"yolo"
"861",2013-03-13,21.47,"yolo"
"862",2013-03-20,19.86,"yolo"
"863",2013-04-03,8.67,"yolo"
"864",2013-04-15,8.58,"yolo"
"865",2013-04-29,19.5,"yolo"
"866",2013-05-14,5.98,"yolo"
"867",2013-05-31,5.45,"yolo"
"868",2013-06-11,5.45,"yolo"
"869",2013-06-25,6.51,"yolo"
"870",2013-07-11,10.22,"yolo"
"871",2013-07-25,7.05,"yolo"
"872",2013-07-31,10.89,"yolo"
"873",2013-08-06,6.51,"yolo"
"874",2013-08-15,6.24,"yolo"
"875",2013-08-23,6.24,"yolo"
"876",2013-08-26,10.1,"yolo"
"877",2013-09-05,23.5,"yolo"
"878",2013-09-12,25.42,"yolo"
"879",2013-09-17,31.4,"yolo"
"880",2013-09-23,20.08,"yolo"
"881",2013-09-26,27.13,"yolo"
"882",2013-10-01,14.95,"yolo"
"883",2013-10-03,13.03,"yolo"
"884",2013-10-04,19.48,"yolo"
"885",2013-10-08,5.66,"yolo"
"886",2013-10-15,5.83,"yolo"
"887",2013-10-22,4.7,"yolo"
"888",2013-10-30,3.97,"yolo"
"889",2013-11-05,6.02,"yolo"
"890",2013-11-12,2.56,"yolo"
"891",2013-11-19,4.27,"yolo"
"892",2013-12-03,5.75,"yolo"
"893",2013-12-04,2.65,"yolo"
"894",2013-12-17,6.75,"yolo"
"895",2013-12-18,2.99,"yolo"
"896",2014-01-02,13.24,"yolo"
"897",2014-01-08,6.47,"yolo"
"898",2014-01-15,7.2,"yolo"
"899",2014-01-21,9.08,"yolo"
"900",2014-01-29,10.83,"yolo"
"901",2014-02-04,8.97,"yolo"
"902",2014-02-12,8.19,"yolo"
"903",2014-02-18,9.16,"yolo"
"904",2014-02-24,8.52,"yolo"
"905",2014-03-06,13.24,"yolo"
"906",2014-03-12,6.56,"yolo"
"907",2014-03-18,9.83,"yolo"
"908",2014-03-25,10.51,"yolo"
"909",2014-04-07,6.77,"yolo"
"910",2014-04-08,5.51,"yolo"
"911",2014-04-22,14.52,"yolo"
"912",2014-04-25,3.46,"yolo"
"913",2014-05-06,13.46,"yolo"
"914",2014-05-09,3.46,"yolo"
"915",2014-05-20,7.35,"yolo"
"916",2014-05-22,3.72,"yolo"
"917",2014-06-09,5.85,"yolo"
"918",2014-06-17,8.18,"yolo"
"919",2014-06-23,6.77,"yolo"
"920",2014-07-08,9.33,"yolo"
"921",2014-07-23,7.41,"yolo"
"922",2014-08-05,5.99,"yolo"
"923",2014-08-14,6.3,"yolo"
"924",2014-08-21,7.54,"yolo"
"925",2014-08-27,5.23,"yolo"
"926",2014-09-04,7.52,"yolo"
"927",2014-09-10,7.05,"yolo"
"928",2014-09-18,14.31,"yolo"
"929",2014-09-24,9.72,"yolo"
"930",2014-10-02,7.13,"yolo"
"931",2014-10-07,6.54,"yolo"
"932",2014-10-13,3.74,"yolo"
"933",2014-10-23,13.03,"yolo"
"934",2014-10-27,13.46,"yolo"
"935",2014-11-05,6.88,"yolo"
"936",2014-11-06,3.25,"yolo"
"937",2014-11-19,3.42,"yolo"
"938",2014-12-02,1.05,"yolo"
"939",2014-12-04,0.94,"yolo"
"940",2014-12-18,1.82,"yolo"
"941",2014-12-30,2.82,"yolo"
"942",2015-01-08,5.66,"yolo"
"943",2015-01-16,9.76,"yolo"
"944",2015-01-20,13.67,"yolo"
"945",2015-01-22,9.27,"yolo"
"946",2015-02-04,8.79,"yolo"
"947",2015-02-17,8.93,"yolo"
"948",2015-03-04,17.73,"yolo"
"949",2015-03-16,14.82,"yolo"
"950",2015-03-24,14.16,"yolo"
"951",2015-04-02,16.47,"yolo"
"952",2015-04-09,29.5,"yolo"
"953",2015-04-16,32.21,"yolo"
"954",2015-04-30,5.45,"yolo"
"955",2015-05-18,2.63,"yolo"
"956",2015-06-03,4.02,"yolo"
"957",2015-06-15,4.24,"yolo"
"958",2015-06-17,3.89,"yolo"
"959",2015-06-30,3.16,"yolo"
"960",2015-07-15,8.48,"yolo"
"961",2015-07-21,10.72,"yolo"
"962",2015-07-28,8.83,"yolo"
"963",2015-08-03,5.72,"yolo"
"964",2015-08-13,5.66,"yolo"
"965",2015-08-18,8.37,"yolo"
"966",2015-08-27,15.17,"yolo"
"967",2015-08-28,14.2,"yolo"
"968",2015-09-01,9.29,"yolo"
"969",2015-09-10,11.64,"yolo"
"970",2015-09-15,7.97,"yolo"
"971",2015-09-21,7.65,"yolo"
"972",2015-10-01,4.69,"yolo"
"973",2015-10-08,3.59,"yolo"
"974",2015-10-13,2.92,"yolo"
"975",2015-10-19,3.05,"yolo"
"976",2015-10-27,2.54,"yolo"
"977",2015-11-12,1.69,"yolo"
"978",2015-11-18,4.7,"yolo"
"979",2015-11-23,3.1,"yolo"
"980",2015-11-24,2.61,"yolo"
"981",2015-12-08,3,"yolo"
"982",2015-12-09,2.73,"yolo"
"983",2015-12-21,6.49,"yolo"
"984",2015-12-23,3.95,"yolo"
"985",2016-01-07,7.8,"yolo"
"986",2016-01-12,10.07,"yolo"
"987",2016-01-19,14.62,"yolo"
"988",2016-01-27,4.29,"yolo"
"989",2016-02-09,7.75,"yolo"
"990",2016-02-11,7,"yolo"
"991",2016-02-18,16.65,"yolo"
"992",2016-02-22,8.8,"yolo"
"993",2016-03-07,12.7,"yolo"
"994",2016-03-10,5.5,"yolo"
"995",2016-03-18,1.75,"yolo"
"996",2016-03-22,46.72,"yolo"
"997",2016-03-24,67.08,"yolo"
"998",2016-03-30,37.13,"yolo"
"999",2016-03-31,31.5,"yolo"
"1000",2016-04-06,28.14,"yolo"
"1001",2016-04-07,27.8,"yolo"
"1002",2016-04-08,26.3,"yolo"
"1003",2016-04-18,24.44,"yolo"
"1004",2016-04-19,18.92,"yolo"
"1005",2016-05-04,7.04,"yolo"
"1006",2016-05-19,4.59,"yolo"
"1007",2016-05-25,4.6,"yolo"
"1008",2016-06-01,5.93,"yolo"
"1009",2016-06-09,10.8,"yolo"
"1010",2016-06-14,22.75,"yolo"
"1011",2016-06-23,28.16,"yolo"
"1012",2016-06-28,49.1,"yolo"
"1013",2016-06-30,5.63,"yolo"
"1014",2016-07-07,18.35,"yolo"
"1015",2016-07-14,10.48,"yolo"
"1016",2016-07-19,22.64,"yolo"
"1017",2016-07-28,16.44,"yolo"
"1018",2016-08-02,11.93,"yolo"
"1019",2016-08-09,9.09,"yolo"
"1020",2016-08-11,11,"yolo"
"1021",2016-08-16,12.55,"yolo"
"1022",2016-08-25,11.73,"yolo"
"1023",2016-08-30,8.41,"yolo"
"1024",2016-09-08,7.35,"yolo"
"1025",2016-09-13,8.4,"yolo"
"1026",2016-09-20,4.37,"yolo"
"1027",2016-09-21,5.2,"yolo"
"1028",2016-10-04,4.63,"yolo"
"1029",2016-10-13,3.6,"yolo"
"1030",2016-10-18,2.14,"yolo"
"1031",2016-10-20,2.2,"yolo"
"1032",2016-10-31,2.44,"yolo"
"1033",2016-11-14,3.16,"yolo"
"1034",2016-11-15,5.6,"yolo"
"1035",2016-11-17,2.2,"yolo"
"1036",2016-11-28,13.84,"yolo"
"1037",2016-12-06,7,"yolo"
"1038",2016-12-13,5.72,"yolo"
"1039",2016-12-21,2.68,"yolo"
"1040",2016-12-27,5.83,"yolo"
"1041",2017-01-11,1.83,"yolo"
"1042",2017-01-18,1.3,"yolo"
"1043",2017-01-24,1.19,"yolo"
"1044",2017-01-31,1.48,"yolo"
"1045",2017-02-02,2.23,"yolo"
"1046",2017-02-06,1.71,"yolo"
"1047",2017-02-16,0.83,"yolo"
"1048",2017-02-22,0.87,"yolo"
"1049",2017-03-01,0.9,"yolo"
"1050",2017-03-09,2.2,"yolo"
"1051",2017-03-14,39.09,"yolo"
"1052",2017-03-15,33,"yolo"
"1053",2017-03-22,18.34,"yolo"
"1054",2017-03-28,15.93,"yolo"
"1055",2017-04-05,23.37,"yolo"
"1056",2017-04-13,7.15,"yolo"
"1057",2017-04-18,5.39,"yolo"
"1058",2017-04-26,5.06,"yolo"
"1059",2017-05-02,8.1,"yolo"
"1060",2017-05-03,4.64,"yolo"
"1061",2017-05-05,13.62,"yolo"
"1062",2017-05-09,28.28,"yolo"
"1063",2017-05-16,45.14,"yolo"
"1064",2017-05-30,29.84,"yolo"
"1065",2017-06-07,58.85,"yolo"
"1066",2017-06-12,18.23,"yolo"
"1067",2017-06-21,18.71,"yolo"
"1068",2017-06-28,2.47,"yolo"
"1069",2017-07-06,5.05,"yolo"
"1070",2017-07-19,5.09,"yolo"
"1071",2017-08-02,5.62,"yolo"
"1072",2017-09-20,2.39,"yolo"
"1073",2017-10-04,1.96,"yolo"
"1074",2017-10-19,1.18,"yolo"
"1075",2017-11-02,1.63,"yolo"
"1076",2017-11-15,2.03,"yolo"
"1077",2017-11-29,4.73,"yolo"
"1078",2017-12-13,1.25,"yolo"
"1079",2017-12-20,1.58,"yolo"
"1080",2018-01-02,27.78,"yolo"
"1081",2018-01-17,10.5,"yolo"
"1082",2018-01-30,15.54,"yolo"
"1083",2018-02-13,11.52,"yolo"
"1084",2018-02-28,34.9,"yolo"
"1085",2018-03-14,13.66,"yolo"
"1086",2018-03-28,14.67,"yolo"
"1087",2018-04-10,4.61,"yolo"
"1088",2018-04-25,16.6,"yolo"
"1089",2018-05-01,11.5,"yolo"
"1090",2018-05-15,3.24,"yolo"
"1091",2018-05-30,1.36,"yolo"
"1092",2018-06-12,0.93,"yolo"
"1093",2018-06-26,1.72,"yolo"
"1094",2018-11-08,1.11,"yolo"
"1095",2018-11-26,0.85,"yolo"
"1096",2018-12-11,0.83,"yolo"
"1097",2018-12-26,1.63,"yolo"
"1098",2019-01-08,4.2,"yolo"
"1099",2019-01-22,2.9,"yolo"
"1100",2019-02-05,3.65,"yolo"
"1101",2019-02-19,1.5,"yolo"
"1102",2019-02-26,18.52,"yolo"
"1103",2019-03-11,0.97,"yolo"
"1104",2019-03-19,3.4,"yolo"
"1105",2019-03-20,11.58,"yolo"
"1106",2019-03-28,24.7,"yolo"
"1107",2019-04-03,11,"yolo"
"1108",2019-04-08,4.81,"yolo"
"1109",2019-04-15,3.75,"yolo"
"1110",2019-04-22,17.4,"yolo"
"1111",2019-05-06,8.87,"yolo"
"1112",2019-05-20,10.3,"yolo"
"1113",2019-06-03,3.26,"yolo"
"1114",2019-06-17,1.48,"yolo"
"1115",2019-07-01,1.36,"yolo"
"1116",2019-07-15,0.83,"yolo"
"1117",2019-08-06,18.4,"yolo"
"1118",2019-08-07,1.25,"yolo"
"1119",2019-08-20,15.4,"yolo"
"1120",2019-08-21,2.93,"yolo"
"1121",2019-09-03,5.56,"yolo"
"1122",2019-09-04,9.1,"yolo"
"1123",2019-09-17,6.74,"yolo"
"1124",2019-09-18,5.46,"yolo"
"1125",2019-10-01,18.09,"yolo"
"1126",2019-10-02,1.28,"yolo"
"1127",2019-10-15,9.83,"yolo"
"1128",2019-10-16,1.01,"yolo"
"1129",2019-10-29,1.25,"yolo"
"1130",2019-11-12,7.22,"yolo"
"1131",2019-11-14,1.01,"yolo"
"1132",2019-11-26,1.22,"yolo"
"1133",2019-12-09,7.34,"yolo"
"1134",2019-12-26,4.82,"yolo"
"1135",2009-02-11,3.37,"above"
"1136",2009-02-27,2.61,"above"
"1137",2009-03-12,4.37,"above"
"1138",2009-03-25,3.18,"above"
"1139",2009-04-08,3.7,"above"
"1140",2009-04-23,4.58,"above"
"1141",2009-05-07,3.48,"above"
"1142",2009-06-03,4.06,"above"
"1143",2009-06-18,2.09,"above"
"1144",2010-01-06,2.21,"above"
"1145",2010-01-13,1.9,"above"
"1146",2010-01-21,5.23,"above"
"1147",2010-01-26,1.35,"above"
"1148",2010-02-03,1.9,"above"
"1149",2010-02-10,1.98,"above"
"1150",2010-02-17,2.74,"above"
"1151",2010-02-24,3.01,"above"
"1152",2010-03-03,1.76,"above"
"1153",2010-03-17,1.87,"above"
"1154",2010-03-30,2.88,"above"
"1155",2010-04-12,2.95,"above"
"1156",2010-04-28,11.53,"above"
"1157",2010-05-13,1.8,"above"
"1158",2010-05-27,2.27,"above"
"1159",2011-01-12,1.05,"above"
"1160",2011-01-26,2.17,"above"
"1161",2011-02-09,3.2,"above"
"1162",2011-02-23,1.86,"above"
"1163",2011-03-09,2.35,"above"
"1164",2011-03-29,1.85,"above"
"1165",2011-04-06,4.66,"above"
"1166",2011-04-13,4.17,"above"
"1167",2011-04-22,3.18,"above"
"1168",2011-05-04,2.57,"above"
"1169",2011-05-19,2.01,"above"
"1170",2011-06-01,3.15,"above"
"1171",2011-06-15,2.79,"above"
"1172",2011-06-29,1.99,"above"
"1173",2011-07-13,1.9,"above"
"1174",2011-07-26,2.35,"above"
"1175",2011-08-10,2.56,"above"
"1176",2011-08-24,2.14,"above"
"1177",2011-09-07,2.17,"above"
"1178",2011-09-20,1.75,"above"
"1179",2011-10-06,1.31,"above"
"1180",2011-10-19,1.24,"above"
"1181",2011-11-02,1.5,"above"
"1182",2011-11-15,2.3,"above"
"1183",2011-11-30,0.96,"above"
"1184",2011-12-14,1.99,"above"
"1185",2011-12-29,4.29,"above"
"1186",2012-01-11,4.18,"above"
"1187",2012-01-24,5.98,"above"
"1188",2012-02-08,3.64,"above"
"1189",2012-02-23,6.19,"above"
"1190",2012-03-07,4.93,"above"
"1191",2012-03-22,2.3,"above"
"1192",2012-04-04,1.92,"above"
"1193",2012-04-16,2.35,"above"
"1194",2012-05-02,2.96,"above"
"1195",2012-05-17,3.86,"above"
"1196",2012-05-31,5.37,"above"
"1197",2012-06-13,3.07,"above"
"1198",2012-06-25,3.16,"above"
"1199",2012-07-10,3,"above"
"1200",2012-07-25,3.46,"above"
"1201",2012-08-07,2.24,"above"
"1202",2012-08-21,1.95,"above"
"1203",2012-09-05,2.84,"above"
"1204",2012-09-21,0.99,"above"
"1205",2012-10-03,2.22,"above"
"1206",2012-10-19,1.53,"above"
"1207",2012-10-30,1.68,"above"
"1208",2012-11-13,1.69,"above"
"1209",2012-11-29,2.17,"above"
"1210",2012-12-12,1.48,"above"
"1211",2012-12-27,2.44,"above"
"1212",2013-01-03,1.19,"above"
"1213",2013-01-08,1.23,"above"
"1214",2013-01-18,1.32,"above"
"1215",2013-01-24,1.76,"above"
"1216",2013-01-30,1.7,"above"
"1217",2013-02-08,2.48,"above"
"1218",2013-02-13,2.8,"above"
"1219",2013-02-22,2.31,"above"
"1220",2013-02-27,2.29,"above"
"1221",2013-03-06,2.79,"above"
"1222",2013-03-13,2.6,"above"
"1223",2013-03-20,5.45,"above"
"1224",2013-04-03,21.68,"above"
"1225",2013-04-15,4.83,"above"
"1226",2013-04-29,6.51,"above"
"1227",2013-05-15,4.26,"above"
"1228",2013-05-31,2.99,"above"
"1229",2013-06-12,3.97,"above"
"1230",2013-06-26,2.81,"above"
"1231",2013-07-12,2.25,"above"
"1232",2013-07-25,2.73,"above"
"1233",2013-08-05,1.92,"above"
"1234",2013-08-23,2.64,"above"
"1235",2013-09-04,3.08,"above"
"1236",2013-09-16,3.25,"above"
"1237",2013-10-02,1.73,"above"
"1238",2013-10-16,1.7,"above"
"1239",2013-10-31,2.88,"above"
"1240",2013-11-13,2.3,"above"
"1241",2013-12-03,1.74,"above"
"1242",2013-12-17,2,"above"
"1243",2014-01-03,1.87,"above"
"1244",2014-01-14,2.27,"above"
"1245",2014-01-28,5.72,"above"
"1246",2014-02-11,8.12,"above"
"1247",2014-02-24,5.53,"above"
"1248",2014-03-12,3.96,"above"
"1249",2014-03-25,16.45,"above"
"1250",2014-04-07,4.25,"above"
"1251",2014-04-24,1.85,"above"
"1252",2014-05-07,9.29,"above"
"1253",2014-05-21,4.91,"above"
"1254",2014-06-10,3.21,"above"
"1255",2014-06-24,1.91,"above"
"1256",2014-07-24,1.78,"above"
"1257",2014-08-07,1.28,"above"
"1258",2014-08-22,0.75,"above"
"1259",2014-08-26,0.95,"above"
"1260",2014-09-09,1.26,"above"
"1261",2014-09-23,1.12,"above"
"1262",2014-10-06,0.9,"above"
"1263",2014-10-22,0.43,"above"
"1264",2014-11-04,0.81,"above"
"1265",2014-11-18,0.69,"above"
"1266",2014-12-03,1.12,"above"
"1267",2014-12-17,1.41,"above"
"1268",2014-12-29,0.82,"above"
"1269",2015-01-15,1.24,"above"
"1270",2015-01-21,1.61,"above"
"1271",2015-02-03,2.04,"above"
"1272",2015-02-18,3.29,"above"
"1273",2015-03-03,2.64,"above"
"1274",2015-03-17,2.48,"above"
"1275",2015-04-03,5.28,"above"
"1276",2015-04-17,4.67,"above"
"1277",2015-04-29,3.42,"above"
"1278",2015-05-19,1.68,"above"
"1279",2015-06-02,1.36,"above"
"1280",2015-06-16,1.08,"above"
"1281",2015-07-01,1.04,"above"
"1282",2015-07-14,1.2,"above"
"1283",2015-07-29,1.85,"above"
"1284",2015-08-05,0.99,"above"
"1285",2015-08-17,0.88,"above"
"1286",2015-08-31,1,"above"
"1287",2015-09-14,0.93,"above"
"1288",2015-09-28,0.87,"above"
"1289",2015-10-12,0.9,"above"
"1290",2015-10-28,1.42,"above"
"1291",2015-11-09,0.63,"above"
"1292",2015-11-23,0.8,"above"
"1293",2015-12-10,1.55,"above"
"1294",2015-12-15,2.6,"above"
"1295",2015-12-22,6.13,"above"
"1296",2016-01-13,2.72,"above"
"1297",2016-01-19,2.3,"above"
"1298",2016-01-28,1.53,"above"
"1299",2016-02-08,1.86,"above"
"1300",2016-02-23,3.55,"above"
"1301",2016-03-08,6.22,"above"
"1302",2016-03-17,1.95,"above"
"1303",2016-03-24,3.9,"above"
"1304",2016-03-25,4.85,"above"
"1305",2016-03-30,5.28,"above"
"1306",2016-04-07,4.54,"above"
"1307",2016-04-18,3.4,"above"
"1308",2016-04-19,3.2,"above"
"1309",2016-05-05,1.09,"above"
"1310",2016-05-12,1.5,"above"
"1311",2016-05-20,1.18,"above"
"1312",2016-05-31,1.41,"above"
"1313",2016-06-13,1.8,"above"
"1314",2016-06-21,1.7,"above"
"1315",2016-06-29,2.19,"above"
"1316",2016-07-06,2,"above"
"1317",2016-07-18,1.74,"above"
"1318",2016-07-28,2.1,"above"
"1319",2016-08-01,1.58,"above"
"1320",2016-08-15,1.89,"above"
"1321",2016-08-25,1.9,"above"
"1322",2016-08-29,2.02,"above"
"1323",2016-09-12,1.41,"above"
"1324",2016-09-19,1.68,"above"
"1325",2016-09-28,0.8,"above"
"1326",2016-10-05,1.16,"above"
"1327",2016-10-19,0.8,"above"
"1328",2016-10-20,0.6,"above"
"1329",2016-11-01,1.36,"above"
"1330",2016-11-18,0.7,"above"
"1331",2016-11-22,1.6,"above"
"1332",2016-11-29,1.65,"above"
"1333",2016-12-14,3.05,"above"
"1334",2016-12-21,1.7,"above"
"1335",2016-12-29,1.69,"above"
"1336",2017-01-10,2.49,"above"
"1337",2017-01-23,1.14,"above"
"1338",2017-02-07,1.48,"above"
"1339",2017-02-23,0.67,"above"
"1340",2017-03-08,2.75,"above"
"1341",2017-03-10,2.6,"above"
"1342",2017-03-16,3.4,"above"
"1343",2017-03-21,3.2,"above"
"1344",2017-04-04,6.88,"above"
"1345",2017-04-19,2.45,"above"
"1346",2017-05-04,2.87,"above"
"1347",2017-05-17,2.6,"above"
"1348",2017-05-25,2.4,"above"
"1349",2017-05-31,2.29,"above"
"1350",2017-06-13,2.8,"above"
"1351",2017-06-22,3.9,"above"
"1352",2017-06-27,2.7,"above"
"1353",2017-07-14,4,"above"
"1354",2017-07-18,3.58,"above"
"1355",2017-07-20,4.8,"above"
"1356",2017-07-25,3.3,"above"
"1357",2017-08-01,3.59,"above"
"1358",2017-08-15,3.73,"above"
"1359",2017-08-24,3.3,"above"
"1360",2017-08-29,2.12,"above"
"1361",2017-09-05,3.5,"above"
"1362",2017-09-12,2.46,"above"
"1363",2017-09-19,2.71,"above"
"1364",2017-09-28,2.1,"above"
"1365",2017-10-03,2.19,"above"
"1366",2017-10-17,3.04,"above"
"1367",2017-11-01,2.09,"above"
"1368",2017-11-14,3.59,"above"
"1369",2017-11-28,2.84,"above"
"1370",2017-11-29,2.4,"above"
"1371",2017-12-14,2.66,"above"
"1372",2017-12-19,4.13,"above"
"1373",2017-12-21,3.2,"above"
"1374",2018-01-04,2.47,"above"
"1375",2018-01-18,3.23,"above"
"1376",2018-01-30,2.5,"above"
"1377",2018-01-31,2.94,"above"
"1378",2018-02-14,2.87,"above"
"1379",2018-02-27,3.36,"above"
"1380",2018-03-13,3.85,"above"
"1381",2018-03-29,3.03,"above"
"1382",2018-04-11,2.73,"above"
"1383",2018-04-24,5.52,"above"
"1384",2018-05-02,6.06,"above"
"1385",2018-05-16,3.32,"above"
"1386",2018-05-17,5.3,"above"
"1387",2018-05-29,4.14,"above"
"1388",2018-06-13,2.83,"above"
"1389",2018-06-14,3.2,"above"
"1390",2018-06-21,2.4,"above"
"1391",2018-06-27,3.75,"above"
"1392",2018-07-12,2.33,"above"
"1393",2018-07-25,2.37,"above"
"1394",2018-08-08,2.7,"above"
"1395",2018-08-09,2.53,"above"
"1396",2018-08-20,1.7,"above"
"1397",2018-08-23,1.35,"above"
"1398",2018-09-06,1.69,"above"
"1399",2018-09-12,1.6,"above"
"1400",2018-09-20,1.14,"above"
"1401",2018-10-11,0.55,"above"
"1402",2018-10-17,0.9,"above"
"1403",2018-10-26,0.98,"above"
"1404",2018-10-30,0.7,"above"
"1405",2018-11-09,0.86,"above"
"1406",2018-11-27,2.9,"above"
"1407",2018-12-06,2.6,"above"
"1408",2018-12-12,1.43,"above"
"1409",2018-12-27,1.81,"above"
"1410",2019-01-09,5.61,"above"
"1411",2019-01-23,2.1,"above"
"1412",2019-01-31,2.6,"above"
"1413",2019-02-04,4.66,"above"
"1414",2019-02-20,1.49,"above"
"1415",2019-02-27,1.3,"above"
"1416",2019-03-12,1.28,"above"
"1417",2019-03-21,4.89,"above"
"1418",2019-03-29,2.23,"above"
"1419",2019-04-03,3.3,"above"
"1420",2019-04-04,4.08,"above"
"1421",2019-04-09,2.64,"above"
"1422",2019-04-16,2.26,"above"
"1423",2019-04-23,3.76,"above"
"1424",2019-04-25,5.3,"above"
"1425",2019-05-07,0.87,"above"
"1426",2019-05-21,2.57,"above"
"1427",2019-06-04,1.93,"above"
"1428",2019-06-06,2.6,"above"
"1429",2019-06-11,2.3,"above"
"1430",2019-06-18,1.29,"above"
"1431",2019-06-24,1.9,"above"
"1432",2019-07-02,2.26,"above"
"1433",2019-07-16,2.36,"above"
"1434",2019-07-23,2.4,"above"
"1435",2019-07-25,3.5,"above"
"1436",2019-08-05,2.3,"above"
"1437",2019-08-19,1.43,"above"
"1438",2019-08-20,2.45,"above"
"1439",2019-09-05,1.49,"above"
"1440",2019-09-10,1.7,"above"
"1441",2019-09-12,1.7,"above"
"1442",2019-09-16,1.4,"above"
"1443",2019-09-19,1.9,"above"
"1444",2019-09-30,1.74,"above"
"1445",2019-10-09,1.3,"above"
"1446",2019-10-11,1.7,"above"
"1447",2019-10-14,1.13,"above"
"1448",2019-10-22,1.74,"above"
"1449",2019-10-28,1.22,"above"
"1450",2019-11-13,1.28,"above"
"1451",2019-11-25,0.94,"above"
"1452",2019-12-10,3.52,"above"
"1453",2019-12-17,2.05,"above"
"1454",2019-12-27,2,"above"
